unidad,DIR,FUERZA,DEST,AMBITO
D01-0009,0,,,
D01-0010,0,,,
D01-0012,0,,,
D01-0016,0,,,
D01-0027,0,,,
D01-0030,0,,,
D01-0031,0,,,
D01-0032,0,,,
D01-0035,0,,,
D01-0043,0,,,
D01-0051,0,,,
D01-0053,0,,,
D01-0072,0,,,
D01-0099,1,OBL,COM,ETICA
D01-0100,1,OBL,COM,OTRO
D01-0101,0,,,
D01-0102,1,OBL,COM,ETICA
D01-0104,1,PROH,COM,OTRO
D01-0105,1,OBL,COM,OTRO
D01-0109,0,,,
D01-0110,0,,,
D01-0111,0,,,
D01-0113,1,OBL,COM,VERIF
D01-0114,0,,,
D01-0116,1,PROH,COM,VERIF
D01-0117,1,PROH,COM,VERIF
D01-0118,1,REC,DOC,DOCEN
D01-0119,1,OBL,DOC,DOCEN
D01-0120,0,,,
D01-0121,1,REC,DOC,DOCEN
D01-0122,0,,,
D01-0125,1,REC,DOC,INTEG
D01-0126,1,REC,DOC,DOCEN
D01-0127,1,REC,DOC,TRANSP
D01-0129,1,REC,DOC,DOCEN
D01-0133,0,,,
D01-0135,1,PERM,COM,HERRAM
D01-0136,0,,,
D01-0140,1,REC,COM,HERRAM
D01-0146,0,,,
D01-0148,1,REC,COM,HERRAM
D01-0155,1,REC,COM,DATOS
D01-0156,1,PROH,COM,DATOS
D01-0158,0,,,
D01-0159,0,,,
D01-0160,0,,,
D01-0161,0,,,
D01-0162,1,REC,DOC,HERRAM
D01-0163,0,,,
D01-0164,1,REC,DOC,APREND
D01-0165,1,OBL,DOC,DOCEN
D01-0166,1,REC,DOC,DOCEN
D01-0167,1,REC,DOC,DOCEN
D01-0168,1,REC,EST,APREND
D01-0169,1,PERM,DOC,DOCEN
D01-0170,1,REC,DOC,HERRAM
D01-0171,1,REC,DOC,DOCEN
D01-0172,1,REC,DOC,DOCEN
D01-0173,1,REC,DOC,DOCEN
D01-0174,1,PERM,DOC,DOCEN
D01-0175,1,REC,DOC,DOCEN
D01-0176,1,REC,DOC,DOCEN
D01-0177,1,PERM,DOC,DOCEN
D01-0178,1,REC,DOC,HERRAM
D01-0179,1,REC,DOC,DOCEN
D01-0180,1,REC,DOC,OTRO
D01-0181,1,OBL,DOC,VERIF
D01-0182,0,,,
D01-0183,1,REC,DOC,TRANSP
D01-0184,1,REC,DOC,TRANSP
D01-0185,0,,,
D01-0186,0,,,
D01-0187,0,,,
D01-0188,0,,,
D01-0189,1,REC,DOC,DOCEN
D01-0191,1,REC,DOC,DOCEN
D01-0192,1,REC,DOC,DOCEN
D01-0193,0,,,
D01-0194,1,REC,DOC,DOCEN
D01-0195,0,,,
D01-0196,0,,,
D01-0197,1,REC,DOC,DOCEN
D01-0198,0,,,
D01-0199,1,REC,DOC,DOCEN
D01-0200,0,,,
D01-0201,1,REC,DOC,DOCEN
D01-0202,0,,,
D01-0203,0,,,
D01-0204,1,REC,DOC,DOCEN
D01-0205,0,,,
D01-0206,0,,,
D01-0207,0,,,
D01-0208,1,REC,DOC,DOCEN
D01-0209,0,,,
D01-0210,1,REC,DOC,DOCEN
D01-0211,0,,,
D01-0212,0,,,
D01-0213,0,,,
D01-0214,1,REC,DOC,DOCEN
D01-0215,1,REC,DOC,DOCEN
D01-0216,0,,,
D01-0217,1,REC,DOC,DOCEN
D01-0218,0,,,
D01-0219,1,REC,DOC,DOCEN
D01-0220,1,REC,DOC,DOCEN
D01-0221,0,,,
D01-0222,1,REC,DOC,DOCEN
D01-0223,1,REC,DOC,DOCEN
D01-0224,1,REC,DOC,DOCEN
D01-0225,1,REC,DOC,DOCEN
D01-0226,1,REC,DOC,TRANSP
D01-0227,1,REC,DOC,INTEG
D01-0228,1,REC,DOC,DOCEN
D01-0229,0,,,
D01-0230,1,REC,DOC,DOCEN
D01-0231,1,REC,DOC,DOCEN
D01-0232,0,,,
D01-0233,1,REC,DOC,DOCEN
D01-0234,0,,,
D01-0235,1,REC,DOC,DOCEN
D01-0236,1,REC,DOC,DOCEN
D01-0237,0,,,
D01-0238,1,REC,DOC,DOCEN
D01-0239,1,REC,DOC,DOCEN
D01-0240,1,REC,DOC,DOCEN
D01-0241,1,REC,DOC,DOCEN
D01-0242,0,,,
D01-0243,1,REC,DOC,DOCEN
D01-0244,1,REC,DOC,DOCEN
D01-0245,1,REC,DOC,DOCEN
D01-0246,0,,,
D01-0247,1,PROH,DOC,DOCEN
D01-0248,1,REC,DOC,TRANSP
D01-0249,1,REC,DOC,DOCEN
D01-0250,1,REC,DOC,TRANSP
D01-0251,1,REC,DOC,DOCEN
D01-0252,1,REC,DOC,DOCEN
D01-0253,0,,,
D01-0254,0,,,
D01-0255,1,REC,DOC,DOCEN
D01-0256,1,REC,DOC,DOCEN
D01-0257,1,REC,DOC,DOCEN
D01-0258,1,REC,DOC,DOCEN
D01-0259,1,REC,DOC,DOCEN
D01-0260,0,,,
D01-0261,1,REC,DOC,DOCEN
D01-0262,1,REC,DOC,INTEG
D01-0263,0,,,
D01-0264,0,,,
D01-0265,1,REC,DOC,INTEG
D01-0266,1,REC,DOC,OTRO
D01-0267,0,,,
D01-0268,0,,,
D01-0269,1,REC,DOC,DOCEN
D01-0271,1,REC,DOC,DOCEN
D01-0272,1,REC,DOC,INTEG
D01-0273,1,REC,DOC,TRANSP
D01-0274,1,PERM,DOC,DOCEN
D01-0276,1,OBL,EST,APREND
D01-0277,0,,,
D01-0278,0,,,
D01-0279,1,OBL,EST,APREND
D01-0280,1,REC,EST,INTEG
D01-0281,1,REC,EST,TRANSP
D01-0282,0,,,
D01-0283,1,OBL,EST,TRANSP
D01-0284,1,REC,EST,TRANSP
D01-0285,1,REC,EST,APREND
D01-0286,0,,,
D01-0287,0,,,
D01-0288,1,OBL,EST,APREND
D01-0289,1,OBL,EST,APREND
D01-0290,1,OBL,EST,APREND
D01-0291,0,,,
D01-0292,1,OBL,EST,APREND
D01-0293,0,,,
D01-0295,0,,,
D01-0296,1,OBL,EST,HERRAM
D01-0297,0,,,
D01-0298,0,,,
D01-0299,1,REC,EST,APREND
D01-0300,1,PROH,EST,INTEG
D01-0301,1,PERM,EST,HERRAM
D01-0302,1,OBL,EST,VERIF
D01-0303,1,OBL,EST,VERIF
D01-0304,0,,,
D01-0305,0,,,
D01-0306,0,,,
D01-0307,1,REC,EST,APREND
D01-0308,1,REC,EST,APREND
D01-0309,1,REC,EST,VERIF
D01-0310,1,REC,EST,APREND
D01-0311,1,REC,EST,APREND
D01-0312,1,REC,EST,APREND
D01-0313,1,REC,EST,APREND
D01-0314,1,REC,EST,APREND
D01-0315,1,OBL,EST,VERIF
D01-0316,1,REC,EST,HERRAM
D01-0317,1,PERM,EST,HERRAM
D01-0318,0,,,
D01-0319,0,,,
D01-0320,1,REC,EST,HERRAM
D01-0321,1,OBL,EST,VERIF
D01-0322,0,,,
D01-0323,1,REC,EST,APREND
D01-0324,1,REC,EST,HERRAM
D01-0325,1,REC,EST,HERRAM
D01-0326,1,REC,EST,OTRO
D01-0327,1,REC,EST,DATOS
D01-0328,1,REC,EST,DATOS
D01-0329,1,REC,EST,INTEG
D01-0330,1,REC,EST,APREND
D01-0331,0,,,
D01-0332,1,OBL,EST,APREND
D01-0337,0,,,
D01-0340,1,REC,INST,DOCEN
D02-0026,0,,,
D02-0035,0,,,
D02-0039,1,OBL,INST,DOCEN
D02-0042,0,,,
D02-0043,0,,,
D02-0045,0,,,
D02-0049,0,,,
D02-0052,0,,,
D02-0056,0,,,
D02-0057,0,,,
D02-0073,0,,,
D02-0074,0,,,
D02-0080,1,REC,DOC,VERIF
D02-0085,1,REC,DOC,VERIF
D02-0088,0,,,
D02-0089,0,,,
D02-0090,1,REC,DOC,HERRAM
D02-0091,1,REC,DOC,HERRAM
D02-0096,1,REC,DOC,VERIF
D02-0097,1,REC,DOC,HERRAM
D02-0098,1,REC,DOC,VERIF
D02-0103,1,REC,DOC,HERRAM
D02-0104,0,,,
D02-0105,0,,,
D02-0106,0,,,
D02-0107,0,,,
D02-0109,0,,,
D02-0112,1,REC,DOC,HERRAM
D02-0115,1,REC,DOC,HERRAM
D02-0116,1,REC,DOC,HERRAM
D02-0119,1,REC,DOC,HERRAM
D02-0123,0,,,
D02-0124,1,REC,DOC,HERRAM
D02-0125,1,REC,DOC,HERRAM
D02-0126,0,,,
D02-0127,1,REC,DOC,VERIF
D02-0130,0,,,
D02-0131,0,,,
D02-0133,0,,,
D02-0134,0,,,
D02-0139,0,,,
D02-0143,1,REC,DOC,DOCEN
D02-0144,0,,,
D02-0146,0,,,
D02-0150,0,,,
D02-0151,0,,,
D02-0152,0,,,
D02-0154,0,,,
D02-0155,0,,,
D02-0158,0,,,
D02-0159,0,,,
D02-0160,0,,,
D02-0161,0,,,
D02-0169,0,,,
D02-0175,0,,,
D02-0178,0,,,
D02-0179,0,,,
D02-0180,1,OBL,DOC,VERIF
D02-0182,0,,,
D02-0190,0,,,
D02-0191,0,,,
D02-0199,0,,,
D02-0200,0,,,
D02-0203,0,,,
D02-0204,0,,,
D02-0205,0,,,
D02-0206,0,,,
D02-0209,0,,,
D02-0212,0,,,
D02-0214,1,PERM,DOC,DOCEN
D02-0215,1,PERM,DOC,DOCEN
D02-0216,1,OBL,DOC,DOCEN
D02-0219,0,,,
D02-0222,0,,,
D02-0223,1,REC,DOC,DOCEN
D02-0225,0,,,
D02-0228,1,PERM,EST,APREND
D02-0230,1,REC,DOC,DOCEN
D02-0231,0,,,
D02-0232,0,,,
D02-0233,0,,,
D02-0234,1,PERM,DOC,DOCEN
D02-0235,0,,,
D02-0237,0,,,
D02-0247,0,,,
D02-0248,0,,,
D02-0251,0,,,
D02-0254,0,,,
D02-0255,0,,,
D02-0256,0,,,
D02-0258,0,,,
D02-0260,0,,,
D02-0261,0,,,
D02-0262,0,,,
D02-0268,0,,,
D02-0273,0,,,
D02-0274,0,,,
D02-0278,1,PERM,DOC,DOCEN
D02-0279,0,,,
D02-0280,1,PERM,DOC,DOCEN
D02-0281,0,,,
D02-0282,0,,,
D02-0283,0,,,
D02-0285,0,,,
D02-0287,1,REC,DOC,VERIF
D02-0288,1,PERM,DOC,HERRAM
D02-0289,0,,,
D02-0291,0,,,
D02-0295,0,,,
D02-0297,0,,,
D02-0298,1,PERM,EST,APREND
D02-0303,0,,,
D02-0305,0,,,
D02-0306,0,,,
D02-0308,0,,,
D02-0309,0,,,
D02-0319,1,OBL,DOC,ETICA
D02-0322,1,OBL,INST,DOCEN
D02-0323,1,OBL,DOC,DOCEN
D02-0324,0,,,
D02-0326,1,OBL,DOC,DOCEN
D02-0331,0,,,
D02-0333,1,OBL,DOC,DOCEN
D02-0334,0,,,
D02-0336,0,,,
D02-0338,0,,,
D02-0340,0,,,
D02-0342,0,,,
D02-0343,0,,,
D02-0345,0,,,
D02-0346,0,,,
D02-0348,0,,,
D02-0350,0,,,
D03-0007,0,,,
D03-0014,0,,,
D03-0015,0,,,
D03-0022,0,,,
D03-0029,0,,,
D03-0030,0,,,
D03-0040,1,REC,EST,HERRAM
D03-0041,0,,,
D03-0042,0,,,
D03-0043,0,,,
D03-0045,1,REC,EST,HERRAM
D03-0048,0,,,
D03-0049,1,PERM,EST,APREND
D03-0050,1,PROH,EST,INTEG
D03-0051,1,PROH,EST,INTEG
D03-0052,1,PROH,EST,INTEG
D03-0054,1,OBL,EST,OTRO
D03-0058,0,,,
D03-0059,1,PERM,EST,APREND
D03-0060,1,PROH,EST,INTEG
D03-0061,1,OBL,EST,ETICA
D03-0062,0,,,
D03-0064,1,OBL,EST,TRANSP
D03-0070,1,OBL,EST,VERIF
D03-0073,0,,,
D03-0077,1,OBL,EST,VERIF
D03-0087,0,,,
D03-0088,1,OBL,EST,VERIF
D03-0089,0,,,
D03-0091,0,,,
D03-0093,0,,,
D03-0094,0,,,
D03-0095,0,,,
D03-0096,0,,,
D03-0097,0,,,
D03-0101,0,,,
D03-0102,0,,,
D03-0103,1,PROH,EST,DATOS
D03-0104,1,REC,EST,DATOS
D03-0105,0,,,
D03-0108,0,,,
D03-0113,1,REC,EST,HERRAM
D03-0114,0,,,
D03-0115,1,REC,EST,HERRAM
D03-0120,1,REC,EST,HERRAM
D03-0122,1,REC,EST,HERRAM
D03-0123,1,REC,EST,HERRAM
D03-0126,1,REC,EST,HERRAM
D03-0127,1,REC,EST,HERRAM
D03-0133,1,REC,EST,HERRAM
D03-0134,0,,,
D03-0136,0,,,
D03-0137,0,,,
D03-0138,1,PROH,EST,INTEG
D03-0143,0,,,
D03-0148,0,,,
D03-0153,0,,,
D03-0156,0,,,
D03-0162,0,,,
D04-0005,0,,,
D04-0009,0,,,
D04-0010,0,,,
D04-0012,0,,,
D04-0016,1,REC,DOC,DOCEN
D04-0018,1,REC,DOC,DOCEN
D04-0020,1,REC,DOC,DOCEN
D04-0021,1,OBL,DOC,VERIF
D04-0022,1,REC,DOC,DOCEN
D04-0023,1,REC,DOC,TRANSP
D04-0025,1,REC,DOC,DOCEN
D04-0027,1,REC,DOC,DOCEN
D04-0028,1,REC,DOC,DOCEN
D04-0030,1,REC,DOC,DOCEN
D04-0032,1,PERM,DOC,DOCEN
D04-0033,1,REC,DOC,DOCEN
D04-0034,1,REC,DOC,DOCEN
D04-0035,1,REC,DOC,APREND
D04-0037,1,REC,DOC,DOCEN
D04-0038,1,REC,DOC,DOCEN
D04-0039,1,REC,DOC,DOCEN
D04-0045,1,REC,EST,APREND
D04-0046,1,REC,EST,INTEG
D04-0047,1,REC,EST,HERRAM
D04-0048,1,REC,EST,APREND
D04-0050,1,REC,EST,VERIF
D04-0051,1,REC,EST,VERIF
D04-0052,1,REC,EST,APREND
D04-0053,1,PERM,EST,APREND
D04-0059,1,PERM,EST,APREND
D04-0063,1,REC,EST,INTEG
D04-0064,1,REC,EST,TRANSP
D04-0065,0,,,
D04-0066,1,REC,EST,VERIF
D04-0067,1,REC,EST,DATOS
D04-0068,1,PROH,EST,INTEG
D04-0069,1,PROH,EST,INTEG
D04-0078,1,REC,COM,OTRO
D05-0011,1,REC,NE,ETICA
D05-0013,0,,,
D05-0046,1,COMP,INST,ETICA
D05-0047,0,,,
D06-0018,1,REC,COM,ETICA
D06-0019,1,PROH,COM,ETICA
D06-0021,1,REC,COM,VERIF
D06-0022,1,OBL,COM,VERIF
D06-0025,1,REC,COM,ETICA
D06-0026,1,REC,COM,ETICA
D06-0027,1,REC,COM,ETICA
D06-0028,1,OBL,COM,ETICA
D06-0031,1,PROH,COM,APREND
D06-0035,1,OBL,COM,VERIF
D07-0001,0,,,
D07-0003,0,,,
D07-0011,0,,,
D07-0020,1,PERM,COM,VERIF
D07-0021,0,,,
D07-0022,0,,,
D07-0023,0,,,
D07-0024,1,PROH,DOC,DOCEN
D07-0026,1,OBL,DOC,DOCEN
D07-0027,0,,,
D07-0028,1,OBL,DOC,HERRAM
D07-0029,1,REC,DOC,HERRAM
D07-0030,0,,,
D07-0031,0,,,
D07-0032,0,,,
D07-0033,1,OBL,DOC,DOCEN
D07-0034,0,,,
D07-0035,0,,,
D07-0036,1,REC,DOC,DOCEN
D07-0037,1,REC,DOC,DOCEN
D07-0038,0,,,
D07-0039,0,,,
D07-0040,1,REC,DOC,DOCEN
D07-0041,1,OBL,EST,APREND
D07-0042,1,REC,DOC,DOCEN
D07-0043,0,,,
D07-0044,1,OBL,DOC,DOCEN
D07-0045,1,OBL,DOC,DOCEN
D07-0046,1,OBL,DOC,DOCEN
D07-0047,1,REC,DOC,DOCEN
D07-0048,0,,,
D07-0049,1,REC,DOC,DOCEN
D07-0050,1,OBL,DOC,DOCEN
D07-0051,1,OBL,DOC,DOCEN
D07-0052,0,,,
D07-0053,0,,,
D07-0054,1,OBL,DOC,DOCEN
D07-0055,1,REC,DOC,DOCEN
D07-0056,1,REC,DOC,INTEG
D07-0057,1,OBL,DOC,TRANSP
D07-0058,1,REC,DOC,DOCEN
D07-0059,1,OBL,DOC,DOCEN
D07-0060,1,REC,DOC,DOCEN
D07-0061,1,PERM,DOC,DOCEN
D07-0062,1,REC,DOC,DOCEN
D07-0063,0,,,
D07-0068,0,,,
D07-0073,1,REC,DOC,DOCEN
D07-0074,1,REC,DOC,DOCEN
D07-0075,1,REC,DOC,DOCEN
D07-0076,1,REC,DOC,DOCEN
D07-0077,0,,,
D08-0002,0,,,
D08-0007,0,,,
D08-0010,0,,,
D08-0011,1,OBL,INST,OTRO
D08-0018,0,,,
D08-0020,0,,,
D08-0022,0,,,
D08-0023,0,,,
D08-0027,0,,,
D08-0037,0,,,
D08-0039,0,,,
D08-0041,0,,,
D08-0046,1,OBL,NE,ETICA
D08-0047,1,OBL,NE,ETICA
D08-0048,1,OBL,NE,ETICA
D08-0050,0,,,
D08-0052,0,,,
D08-0059,1,COMP,INST,ETICA
D08-0060,1,COMP,INST,ETICA
D08-0074,1,COMP,INST,ETICA
D08-0081,1,COMP,INST,ETICA
D08-0084,1,COMP,INST,ETICA
D09-0008,1,COMP,INST,ETICA
D09-0017,1,COMP,INST,OTRO
D09-0020,1,COMP,INST,OTRO
D09-0021,1,COMP,INST,ETICA
D09-0022,1,OBL,COM,TRANSP
D09-0023,1,OBL,COM,ETICA
D09-0025,1,OBL,COM,DATOS
D09-0026,1,OBL,COM,ETICA
D09-0028,1,PROH,COM,INTEG
D09-0029,1,OBL,COM,VERIF
D09-0031,1,OBL,EST,APREND
D09-0032,1,PERM,DOC,DOCEN
D09-0033,1,OBL,DOC,DOCEN
D09-0034,1,OBL,DOC,VERIF
D09-0035,1,COMP,INST,ETICA
D09-0036,1,OBL,INV,TRANSP
D09-0037,1,OBL,INV,ETICA
D09-0039,1,OBL,INV,DATOS
D09-0040,1,OBL,INV,ETICA
D09-0041,1,OBL,INV,VERIF
D09-0042,1,OBL,INV,VERIF
D09-0044,1,OBL,INV,INTEG
D09-0045,1,OBL,INV,VERIF
D09-0046,1,COMP,INST,ETICA
D09-0047,1,OBL,COM,TRANSP
D09-0048,1,OBL,COM,ETICA
D09-0050,1,OBL,COM,DATOS
D09-0051,1,OBL,COM,ETICA
D09-0052,1,PROH,COM,INTEG
D09-0053,1,OBL,COM,VERIF
D09-0055,1,OBL,COM,INTEG
D09-0056,1,OBL,COM,VERIF
D10-0003,0,,,
D10-0006,0,,,
D10-0007,0,,,
D10-0009,0,,,
D10-0010,0,,,
D10-0011,0,,,
D10-0012,1,OBL,INST,ETICA
D10-0018,1,OBL,DOC,DOCEN
D10-0020,1,OBL,DOC,DOCEN
D10-0021,0,,,
D10-0025,1,PROH,DOC,DOCEN
D10-0026,1,OBL,DOC,DOCEN
D10-0027,1,OBL,DOC,DOCEN
D10-0029,1,PROH,DOC,DOCEN
D10-0031,1,PERM,DOC,DOCEN
D10-0033,1,OBL,DOC,TRANSP
D10-0034,1,OBL,DOC,TRANSP
D10-0035,1,OBL,EST,INTEG
D10-0036,1,OBL,DOC,TRANSP
D10-0037,1,OBL,DOC,DOCEN
D10-0038,1,REC,INST,APREND
D10-0039,1,OBL,EST,TRANSP
D10-0040,1,REC,EST,TRANSP
D10-0041,1,OBL,DOC,DOCEN
D10-0043,0,,,
D10-0044,1,PROH,DOC,INTEG
D10-0046,1,REC,DOC,ETICA
D10-0047,1,PERM,DOC,DOCEN
D10-0048,1,OBL,EST,TRANSP
D10-0049,1,OBL,DOC,DATOS
D10-0052,1,OBL,INST,ETICA
D10-0054,1,REC,COM,VERIF
D10-0055,0,,,
D10-0056,0,,,
D10-0057,0,,,
D10-0058,1,OBL,COM,VERIF
D10-0059,0,,,
D10-0060,1,OBL,COM,VERIF
D10-0061,1,OBL,COM,VERIF
D10-0062,1,REC,COM,HERRAM
D10-0063,0,,,
D10-0068,0,,,
D10-0070,1,REC,COM,HERRAM
D10-0072,1,REC,COM,HERRAM
D10-0073,1,REC,COM,HERRAM
D10-0077,1,REC,COM,VERIF
D10-0079,1,OBL,COM,TRANSP
D10-0080,1,OBL,COM,TRANSP
D10-0081,1,PROH,COM,DATOS
D10-0090,1,COMP,INST,OTRO
D10-0092,0,,,
D11-0001,0,,,
D11-0008,1,PERM,COM,HERRAM
D11-0011,1,OBL,EST,TRANSP
D11-0012,1,OBL,EST,TRANSP
D11-0014,1,OBL,EST,OTRO
D11-0016,1,OBL,DOC,TRANSP
D11-0017,1,OBL,DOC,TRANSP
D11-0018,1,REC,DOC,INTEG
D11-0021,1,PERM,COM,OTRO
D11-0023,1,OBL,COM,VERIF
D11-0024,0,,,
D11-0025,1,REC,COM,ETICA
D11-0026,1,REC,COM,DATOS
D11-0027,0,,,
D11-0028,1,REC,COM,HERRAM
D11-0029,1,REC,COM,HERRAM
D12-0009,0,,,
D12-0015,0,,,
D12-0023,0,,,
D12-0026,0,,,
D12-0042,0,,,
D12-0049,1,OBL,COM,VERIF
D12-0053,0,,,
D12-0060,0,,,
D12-0061,0,,,
D12-0063,0,,,
D12-0064,0,,,
D12-0066,0,,,
D12-0067,0,,,
D12-0068,0,,,
D12-0069,0,,,
D12-0070,0,,,
D12-0071,0,,,
D12-0072,0,,,
D12-0073,0,,,
D12-0074,0,,,
D12-0075,0,,,
D12-0076,0,,,
D12-0077,0,,,
D12-0078,0,,,
D12-0079,0,,,
D12-0098,0,,,
D12-0102,0,,,
D12-0105,0,,,
D12-0113,0,,,
D12-0116,0,,,
D12-0117,0,,,
D12-0118,0,,,
D12-0129,0,,,
D12-0131,1,PROH,EST,INTEG
D12-0133,1,PROH,EST,INTEG
D12-0135,0,,,
D12-0148,0,,,
D12-0155,1,PROH,EST,INTEG
D12-0156,1,PROH,EST,INTEG
D12-0159,0,,,
D12-0167,1,REC,DOC,DOCEN
D12-0168,1,REC,DOC,DOCEN
D12-0169,1,OBL,EST,TRANSP
D12-0170,1,PROH,EST,INTEG
D12-0171,1,OBL,DOC,DOCEN
D12-0173,1,OBL,DOC,DOCEN
D12-0174,1,PROH,EST,INTEG
D12-0177,1,REC,DOC,DOCEN
D12-0178,1,PERM,DOC,DOCEN
D12-0179,1,PERM,EST,APREND
D12-0180,1,PERM,EST,APREND
D12-0181,0,,,
D12-0188,1,PERM,EST,APREND
D12-0193,0,,,
D12-0195,0,,,
D12-0197,0,,,
D12-0200,1,PERM,EST,APREND
D12-0201,0,,,
D12-0202,0,,,
D12-0214,1,REC,DOC,DOCEN
D12-0219,0,,,
D12-0225,1,OBL,EST,HERRAM
D12-0226,1,REC,DOC,DOCEN
D12-0227,0,,,
D12-0236,0,,,
D12-0239,0,,,
D12-0240,0,,,
D12-0243,1,PERM,COM,HERRAM
D12-0245,1,OBL,COM,TRANSP
D12-0248,0,,,
D12-0249,1,REC,COM,VERIF
D12-0251,0,,,
D12-0252,1,OBL,COM,TRANSP
D12-0257,1,OBL,EST,INTEG
D12-0259,1,OBL,EST,TRANSP
D12-0261,1,PERM,EST,APREND
D12-0263,0,,,
D12-0267,0,,,
D12-0268,0,,,
D12-0269,0,,,
D12-0270,0,,,
D12-0271,0,,,
D12-0282,1,REC,DOC,ETICA
D12-0283,1,REC,DOC,ETICA
D12-0286,1,REC,DOC,ETICA
D12-0287,0,,,
D12-0299,1,REC,DOC,DOCEN
D12-0300,1,REC,DOC,DOCEN
D12-0301,1,REC,DOC,DOCEN
D12-0302,1,REC,DOC,DOCEN
D12-0303,1,REC,DOC,DOCEN
D12-0317,0,,,
D12-0320,0,,,
D12-0329,0,,,
D12-0331,1,PROH,DOC,DATOS
D12-0333,0,,,
D12-0336,0,,,
D12-0337,0,,,
D12-0339,0,,,
D12-0341,0,,,
D12-0343,0,,,
D12-0346,0,,,
D12-0348,0,,,
D12-0356,0,,,
D12-0358,0,,,
D12-0360,0,,,
D12-0361,0,,,
D12-0364,0,,,
D12-0367,0,,,
D12-0369,0,,,
D12-0370,0,,,
D12-0376,0,,,
D12-0379,0,,,
D12-0381,0,,,
D12-0382,0,,,
D12-0386,0,,,
D12-0391,0,,,
D12-0392,0,,,
D12-0393,0,,,
D12-0398,0,,,
D12-0399,0,,,
D12-0417,0,,,
D12-0418,0,,,
D12-0419,0,,,
D12-0420,0,,,
D12-0421,0,,,
D12-0422,0,,,
D12-0423,0,,,
D12-0424,0,,,
D12-0425,0,,,
D12-0461,0,,,
D13-0001,0,,,
D13-0007,0,,,
D13-0012,0,,,
D13-0018,0,,,
D13-0038,0,,,
D13-0039,0,,,
D13-0043,0,,,
D13-0045,0,,,
D13-0046,0,,,
D13-0051,0,,,
D13-0057,0,,,
D13-0059,1,OBL,DOC,VERIF
D13-0062,0,,,
D13-0070,1,REC,DOC,DOCEN
D13-0071,0,,,
D13-0072,1,OBL,DOC,DOCEN
D13-0077,1,REC,DOC,VERIF
D13-0079,1,REC,DOC,DOCEN
D13-0083,0,,,
D13-0089,1,REC,DOC,DOCEN
D13-0091,1,OBL,DOC,DOCEN
D13-0095,1,REC,DOC,DOCEN
D13-0097,0,,,
D13-0108,0,,,
D13-0110,0,,,
D13-0111,0,,,
D13-0114,0,,,
D13-0117,0,,,
D13-0118,0,,,
D13-0120,0,,,
D13-0121,0,,,
D13-0125,1,REC,DOC,HERRAM
D13-0126,1,REC,DOC,HERRAM
D13-0128,1,REC,DOC,HERRAM
D13-0129,0,,,
D13-0130,1,REC,DOC,DOCEN
D13-0132,1,REC,DOC,DOCEN
D13-0133,1,REC,DOC,DOCEN
D13-0134,1,REC,DOC,DOCEN
D13-0136,1,REC,DOC,INTEG
D13-0137,1,REC,DOC,INTEG
D13-0139,1,REC,EST,APREND
D13-0142,1,REC,EST,APREND
D13-0145,1,REC,EST,INTEG
D13-0150,1,REC,EST,INTEG
D13-0152,1,OBL,EST,HERRAM
D13-0153,1,REC,EST,HERRAM
D13-0156,1,REC,EST,VERIF
D13-0162,1,REC,EST,APREND
D13-0167,1,REC,EST,INTEG
D13-0168,1,REC,EST,ETICA
D13-0172,1,REC,EST,DATOS
D13-0177,1,REC,EST,INTEG
D13-0178,1,PROH,EST,INTEG
D13-0179,1,REC,EST,TRANSP
D13-0182,1,REC,EST,TRANSP
D13-0183,0,,,
D13-0184,1,REC,EST,ETICA
D13-0185,1,REC,EST,ETICA
D13-0186,1,REC,EST,ETICA
D13-0188,1,PROH,EST,APREND
D13-0189,1,REC,EST,APREND
D13-0191,1,REC,EST,HERRAM
D13-0195,1,REC,EST,HERRAM
D13-0197,1,REC,EST,OTRO
D13-0198,1,REC,EST,OTRO
D14-0014,0,,,
D14-0025,0,,,
D14-0031,0,,,
D14-0033,0,,,
D14-0035,0,,,
D14-0037,0,,,
D14-0042,0,,,
D14-0043,0,,,
D14-0047,0,,,
D14-0048,0,,,
D14-0051,1,REC,COM,VERIF
D14-0052,0,,,
D14-0053,0,,,
D14-0055,0,,,
D14-0056,0,,,
D14-0057,0,,,
D14-0059,0,,,
D14-0060,1,REC,COM,VERIF
D14-0063,0,,,
D14-0064,0,,,
D14-0065,1,REC,EST,APREND
D14-0066,0,,,
D14-0067,0,,,
D14-0068,0,,,
D14-0069,1,OBL,COM,HERRAM
D14-0070,1,OBL,COM,OTRO
D14-0071,1,OBL,COM,INTEG
D14-0073,1,REC,INST,ETICA
D14-0075,1,PROH,COM,DATOS
D14-0076,1,OBL,COM,DATOS
D14-0077,1,OBL,COM,DATOS
D14-0078,1,OBL,COM,DATOS
D14-0079,1,PROH,COM,DATOS
D14-0080,1,OBL,COM,DATOS
D14-0082,1,PROH,EST,INTEG
D14-0083,1,PROH,DOC,DOCEN
D14-0084,1,OBL,DOC,DOCEN
D14-0085,0,,,
D14-0086,1,PROH,DOC,DOCEN
D14-0087,1,REC,DOC,DOCEN
D14-0088,1,REC,DOC,DOCEN
D14-0089,0,,,
D14-0090,1,REC,DOC,DOCEN
D14-0091,1,REC,DOC,DOCEN
D14-0101,1,REC,DOC,DOCEN
D14-0102,1,PERM,DOC,DOCEN
D14-0103,1,REC,DOC,DOCEN
D14-0105,1,REC,COM,HERRAM
D14-0106,1,REC,COM,DATOS
D14-0107,1,REC,DOC,DATOS
D14-0108,1,REC,COM,HERRAM
D14-0111,1,REC,COM,DATOS
D15-0005,0,,,
D15-0006,0,,,
D15-0007,0,,,
D15-0010,1,PERM,EST,APREND
D15-0015,1,PERM,EST,TRANSP
D15-0016,1,OBL,EST,OTRO
D15-0017,1,REC,DOC,DOCEN
D15-0018,1,OBL,DOC,DOCEN
D15-0019,1,PERM,DOC,DOCEN
D15-0020,1,REC,DOC,VERIF
D15-0022,1,REC,DOC,ETICA
D15-0023,1,OBL,DOC,DATOS
D15-0024,1,REC,COM,HERRAM
D15-0025,0,,,
D15-0030,1,OBL,COM,DATOS
D15-0034,1,OBL,COM,VERIF
D15-0035,1,PROH,COM,INTEG
D15-0037,1,OBL,COM,VERIF
D15-0038,1,PROH,COM,DATOS
D15-0039,0,,,
D16-0002,0,,,
D16-0003,0,,,
D16-0004,0,,,
D16-0005,0,,,
D16-0006,1,OBL,INST,ETICA
D16-0007,0,,,
D16-0018,0,,,
D16-0029,0,,,
D16-0031,0,,,
D16-0033,1,OBL,NE,ETICA
D16-0036,0,,,
D16-0040,1,REC,COM,ETICA
D16-0041,0,,,
D16-0043,0,,,
D16-0045,1,OBL,COM,DATOS
D16-0048,0,,,
D16-0050,0,,,
D16-0051,0,,,
D16-0052,0,,,
D16-0055,0,,,
D16-0059,0,,,
D16-0060,1,OBL,COM,VERIF
D16-0063,1,REC,COM,HERRAM
D16-0064,0,,,
D16-0065,0,,,
D16-0066,1,REC,COM,DATOS
D16-0067,1,OBL,COM,VERIF
D16-0069,1,REC,DOC,DOCEN
D16-0070,1,REC,DOC,TRANSP
D16-0071,1,OBL,DOC,TRANSP
D16-0072,1,REC,DOC,DOCEN
D16-0073,1,REC,DOC,APREND
D16-0074,1,REC,DOC,VERIF
D16-0075,1,REC,DOC,DOCEN
D16-0078,1,REC,EST,INTEG
D16-0079,1,REC,EST,ETICA
D16-0080,1,PROH,EST,INTEG
D16-0081,1,REC,EST,HERRAM
D16-0082,1,PROH,EST,APREND
D16-0083,1,OBL,EST,VERIF
D16-0086,1,REC,EST,TRANSP
D16-0088,1,PERM,EST,APREND
D16-0091,0,,,
D16-0092,0,,,
D16-0093,0,,,
D16-0094,0,,,
D16-0095,0,,,
D16-0096,0,,,
D17-0082,0,,,
D17-0100,0,,,
D17-0101,0,,,
D17-0102,0,,,
D17-0124,0,,,
D17-0127,0,,,
D17-0129,1,OBL,COM,ETICA
D17-0131,0,,,
D17-0132,0,,,
D17-0133,0,,,
D17-0135,0,,,
D17-0138,0,,,
D17-0139,1,OBL,DOC,DOCEN
D17-0142,0,,,
D17-0143,0,,,
D17-0144,0,,,
D17-0147,0,,,
D17-0150,0,,,
D17-0151,0,,,
D17-0152,0,,,
D17-0154,0,,,
D17-0160,0,,,
D17-0165,0,,,
D17-0166,0,,,
D17-0167,0,,,
D17-0168,0,,,
D17-0169,0,,,
D17-0172,0,,,
D17-0174,0,,,
D17-0175,0,,,
D17-0181,0,,,
D17-0182,0,,,
D17-0184,0,,,
D17-0185,0,,,
D17-0187,0,,,
D17-0188,0,,,
D17-0190,0,,,
D17-0193,0,,,
D17-0194,1,OBL,COM,VERIF
D17-0197,0,,,
D17-0198,0,,,
D17-0201,0,,,
D17-0202,1,REC,DOC,DOCEN
D17-0204,0,,,
D17-0210,0,,,
D17-0219,0,,,
D17-0226,0,,,
D17-0227,0,,,
D17-0228,0,,,
D17-0229,0,,,
D17-0230,0,,,
D17-0232,1,OBL,INST,ETICA
D17-0233,0,,,
D17-0234,0,,,
D17-0235,0,,,
D17-0237,1,REC,COM,INTEG
D17-0239,0,,,
D17-0240,0,,,
D17-0241,0,,,
D17-0244,0,,,
D17-0245,0,,,
D17-0247,1,OBL,INST,DOCEN
D17-0248,0,,,
D17-0249,0,,,
D17-0250,0,,,
D17-0251,0,,,
D17-0252,1,OBL,COM,DATOS
D17-0253,0,,,
D17-0254,0,,,
D17-0256,1,PROH,COM,DATOS
D17-0257,0,,,
D17-0258,0,,,
D17-0261,0,,,
D17-0262,0,,,
D17-0263,0,,,
D17-0265,0,,,
D17-0267,0,,,
D17-0268,0,,,
D17-0269,0,,,
D17-0270,0,,,
D17-0274,0,,,
D17-0275,0,,,
D17-0276,0,,,
D17-0277,0,,,
D17-0278,0,,,
D17-0280,0,,,
D17-0281,1,REC,INST,DOCEN
D17-0282,0,,,
D17-0283,0,,,
D17-0285,1,OBL,INST,DOCEN
D17-0286,1,OBL,DOC,DOCEN
D17-0287,0,,,
D17-0288,0,,,
D17-0289,0,,,
D17-0290,1,OBL,DOC,DOCEN
D17-0291,1,OBL,COM,APREND
D17-0292,0,,,
D17-0294,0,,,
D17-0295,0,,,
D17-0296,0,,,
D17-0297,0,,,
D17-0298,0,,,
D17-0299,0,,,
D17-0301,0,,,
D17-0304,1,REC,DOC,DOCEN
D17-0306,1,REC,DOC,DOCEN
D17-0307,0,,,
D17-0310,1,REC,EST,TRANSP
D17-0315,1,REC,DOC,DOCEN
D17-0329,1,PROH,DOC,DATOS
D17-0334,1,REC,DOC,DATOS
D17-0336,1,REC,DOC,DATOS
D17-0343,1,REC,DOC,HERRAM
D17-0345,1,OBL,COM,TRANSP
D17-0351,1,REC,COM,VERIF
D17-0353,1,REC,DOC,OTRO
D17-0357,1,REC,COM,HERRAM
D17-0359,1,OBL,INST,OTRO
D17-0360,1,OBL,INST,OTRO
D17-0365,1,REC,INST,DOCEN
D17-0375,1,REC,DOC,APREND
D17-0376,1,REC,DOC,VERIF
D17-0377,1,REC,COM,APREND
D17-0381,0,,,
D17-0385,1,OBL,COM,ETICA
D17-0397,0,,,
D17-0399,1,OBL,INV,VERIF
D17-0400,1,OBL,INV,VERIF
D17-0403,0,,,
D17-0404,0,,,
D17-0409,0,,,
D17-0412,0,,,
D17-0413,0,,,
D17-0415,0,,,
D17-0416,0,,,
D17-0419,0,,,
D17-0421,0,,,
D17-0423,0,,,
D17-0424,0,,,
D17-0427,0,,,
D17-0429,0,,,
D17-0431,0,,,
D17-0433,0,,,
D17-0436,0,,,
D17-0438,0,,,
D17-0439,0,,,
D17-0440,0,,,
D17-0442,0,,,
D17-0444,0,,,
D17-0446,0,,,
D17-0450,0,,,
D17-0452,0,,,
D17-0454,0,,,
D17-0456,0,,,
D17-0458,0,,,
D17-0460,0,,,
D17-0461,0,,,
D17-0463,0,,,
D17-0467,0,,,
D17-0469,0,,,
D17-0470,0,,,
D17-0472,0,,,
D17-0480,0,,,
D17-0481,0,,,
D17-0483,0,,,
D17-0485,0,,,
D17-0489,0,,,
D17-0491,0,,,
D17-0492,0,,,
D17-0494,0,,,
D17-0495,0,,,
D17-0499,0,,,
D17-0503,0,,,
D17-0505,0,,,
D17-0507,0,,,
D17-0508,0,,,
D17-0512,0,,,
D17-0514,0,,,
D17-0521,0,,,
D17-0523,0,,,
D17-0525,0,,,
D17-0528,0,,,
D17-0530,0,,,
D17-0534,1,OBL,INV,VERIF
D17-0536,0,,,
D17-0538,0,,,
D17-0541,0,,,
D17-0542,0,,,
D17-0544,0,,,
D17-0545,0,,,
D17-0547,0,,,
D17-0548,1,OBL,INV,ETICA
D17-0551,0,,,
D17-0552,0,,,
D17-0557,0,,,
D17-0559,0,,,
D17-0561,0,,,
D17-0563,0,,,
D17-0567,0,,,
D17-0569,0,,,
D17-0570,1,REC,INST,OTRO
D17-0571,1,OBL,INST,OTRO
D17-0578,0,,,
D17-0579,1,REC,INST,HERRAM
D17-0580,1,REC,INST,OTRO
D17-0582,1,REC,INST,INTEG
D17-0593,0,,,
D17-0595,1,REC,INST,HERRAM
D17-0602,0,,,
D17-0603,0,,,
D17-0605,1,PERM,INV,TRANSP
D17-0606,1,PERM,INV,TRANSP
D17-0612,1,REC,INV,DATOS
D17-0614,1,REC,INV,DATOS
D17-0615,1,REC,INV,DATOS
D17-0616,0,,,
D17-0625,1,OBL,INV,INTEG
D17-0626,0,,,
D17-0627,1,REC,INV,VERIF
D17-0630,1,REC,INV,VERIF
D17-0633,1,REC,INV,INTEG
D17-0638,0,,,
D17-0642,1,REC,INV,ETICA
D17-0646,0,,,
D17-0652,0,,,
D17-0656,0,,,
D17-0658,0,,,
D17-0659,0,,,
D17-0660,0,,,
D17-0664,0,,,
D17-0670,0,,,
D17-0672,0,,,
D17-0679,0,,,
D17-0680,1,PROH,INST,ETICA
D17-0681,0,,,
D17-0682,0,,,
D17-0684,1,REC,COM,VERIF
D17-0685,0,,,
D17-0689,0,,,
D17-0690,0,,,
D17-0692,0,,,
D17-0694,0,,,
D17-0695,0,,,
D17-0696,0,,,
D17-0697,0,,,
D17-0701,0,,,
D17-0702,0,,,
D17-0704,1,OBL,INST,OTRO
D17-0705,0,,,
D17-0706,0,,,
D17-0707,0,,,
D17-0708,0,,,
D17-0709,0,,,
D17-0710,0,,,
D17-0711,1,OBL,COM,VERIF
D17-0712,0,,,
D17-0713,0,,,
D17-0714,0,,,
D17-0719,1,REC,COM,DATOS
D17-0721,1,REC,COM,DATOS
D17-0722,1,REC,COM,VERIF
D17-0723,0,,,
D17-0724,1,REC,INST,HERRAM
D17-0725,1,OBL,INST,OTRO
D17-0727,1,REC,COM,HERRAM
D17-0728,1,REC,COM,HERRAM
D17-0730,1,REC,INST,OTRO
D17-0732,1,REC,INST,OTRO
D17-0735,0,,,
D17-0736,1,REC,INST,OTRO
D17-0741,1,REC,INST,OTRO
D17-0742,1,OBL,COM,VERIF
D17-0743,1,REC,COM,HERRAM
D17-0745,1,REC,COM,HERRAM
D17-0747,1,REC,INST,HERRAM
D17-0749,1,REC,COM,TRANSP
D17-0750,1,REC,COM,TRANSP
D17-0759,1,REC,INST,ETICA
D17-0763,0,,,
D17-0765,0,,,
D17-0767,0,,,
D17-0769,0,,,
D17-0774,1,REC,INST,DATOS
D17-0788,0,,,
D17-0792,0,,,
D17-0816,0,,,
D17-0819,0,,,
D17-0824,0,,,
D17-0834,0,,,
D17-0840,0,,,
D17-0849,0,,,
D17-0850,0,,,
D17-0851,0,,,
D17-0855,1,OBL,INST,OTRO
D17-0864,1,REC,INST,DOCEN
D17-0865,1,REC,INST,DOCEN
D17-0866,1,REC,INST,OTRO
D17-0867,1,REC,INST,OTRO
D17-0868,1,REC,INST,OTRO
D17-0869,1,REC,INST,DOCEN
D17-0870,1,REC,INST,DATOS
D17-0871,1,REC,INST,DATOS
D17-0872,0,,,
D17-0873,0,,,
D17-0877,0,,,
D17-0878,1,REC,INST,ETICA
D17-0879,1,REC,INST,ETICA
D17-0880,1,REC,INST,ETICA
D17-0881,1,REC,INST,ETICA
D17-0882,1,OBL,INST,VERIF
D17-0883,1,REC,INST,ETICA
D17-0885,1,REC,INST,ETICA
D17-0886,0,,,
D17-0887,1,REC,INST,OTRO
D17-0888,1,REC,INST,OTRO
D17-0889,0,,,
D17-0891,1,REC,INST,OTRO
D17-0892,1,REC,INST,ETICA
D17-0893,1,REC,INST,HERRAM
D17-0894,1,REC,INST,ETICA
D17-0895,1,REC,INST,ETICA
D17-0896,0,,,
D17-0897,1,REC,INST,ETICA
D17-0899,1,REC,INST,TRANSP
D17-0910,1,REC,INST,VERIF
D17-0913,1,REC,INST,OTRO
D17-0914,1,REC,INST,OTRO
D17-0915,1,REC,INST,OTRO
D17-0916,1,REC,INST,OTRO
D17-0917,1,REC,INST,OTRO
D17-0918,1,REC,INST,ETICA
D17-0919,1,REC,INST,DATOS
D17-0920,1,REC,INST,VERIF
D17-0922,1,REC,INST,ETICA
D17-0923,1,OBL,INST,ETICA
D17-0924,1,OBL,INST,ETICA
D17-0925,1,REC,INST,OTRO
D17-0926,1,OBL,INST,OTRO
D17-0927,1,OBL,INST,ETICA
D17-0928,1,REC,INST,ETICA
D17-0929,1,REC,INST,ETICA
D17-0930,0,,,
D17-0932,1,REC,INST,OTRO
D17-0933,1,REC,INST,DATOS
D17-0934,1,REC,INST,OTRO
D17-0935,1,REC,INST,OTRO
D17-0936,1,REC,INST,HERRAM
D17-0937,1,REC,INST,HERRAM
D17-0938,1,REC,INST,HERRAM
D17-0939,0,,,
D17-0940,1,REC,INST,HERRAM
D17-0941,1,REC,INST,HERRAM
D17-0942,1,REC,INST,HERRAM
D17-0944,1,REC,INST,OTRO
D17-0945,0,,,
D17-0946,1,REC,INST,ETICA
D17-0947,1,REC,INST,ETICA
D17-0948,1,REC,INST,ETICA
D17-0949,1,REC,INST,DATOS
D17-0950,1,REC,INST,ETICA
D17-0951,1,REC,INST,VERIF
D17-0952,1,REC,INST,ETICA
D17-0953,1,REC,INST,OTRO
D17-0954,0,,,
D17-0955,0,,,
D17-0956,0,,,
D17-0957,0,,,
D17-0958,0,,,
D17-0959,0,,,
D18-0001,0,,,
D18-0002,1,OBL,EST,INTEG
D18-0003,1,OBL,EST,ETICA
D18-0004,0,,,
D18-0007,1,PERM,EST,APREND
D18-0008,1,PROH,EST,INTEG
D18-0009,1,PROH,EST,INTEG
D18-0010,1,PERM,EST,APREND
D18-0011,1,OBL,EST,OTRO
D18-0012,1,OBL,EST,TRANSP
D18-0015,1,PROH,EST,INTEG
D18-0016,1,OBL,EST,TRANSP
D18-0017,1,OBL,EST,TRANSP
D18-0018,1,PERM,EST,TRANSP
D18-0019,0,,,
D18-0022,1,REC,EST,TRANSP
D18-0024,1,PERM,INST,OTRO
D18-0025,1,PROH,EST,INTEG
D18-0026,1,OBL,EST,OTRO
D18-0030,1,REC,EST,VERIF
D18-0032,1,REC,EST,TRANSP
D18-0038,1,REC,EST,DATOS
D18-0042,1,REC,EST,ETICA
D19-0012,0,,,
D19-0013,0,,,
D19-0030,0,,,
D19-0036,1,OBL,DOC,HERRAM
D19-0037,1,OBL,DOC,OTRO
D19-0038,0,,,
D19-0042,0,,,
D19-0047,0,,,
D19-0048,0,,,
D19-0051,0,,,
D19-0052,0,,,
D19-0053,0,,,
D19-0058,0,,,
D19-0059,0,,,
D19-0060,0,,,
D19-0061,0,,,
D19-0069,1,OBL,DOC,VERIF
D19-0070,0,,,
D19-0072,0,,,
D19-0073,0,,,
D19-0074,0,,,
D19-0075,0,,,
D19-0078,0,,,
D19-0079,0,,,
D19-0082,0,,,
D19-0084,0,,,
D19-0085,1,REC,DOC,VERIF
D19-0086,1,OBL,DOC,VERIF
D19-0087,0,,,
D19-0089,1,OBL,DOC,VERIF
D19-0091,1,REC,DOC,DOCEN
D19-0093,1,REC,DOC,DATOS
D19-0094,0,,,
D19-0096,1,OBL,DOC,DATOS
D19-0097,0,,,
D19-0098,0,,,
D19-0100,1,REC,DOC,VERIF
D19-0102,0,,,
D19-0107,0,,,
D19-0108,0,,,
D19-0109,0,,,
D19-0110,0,,,
D19-0112,0,,,
D19-0113,0,,,
D19-0114,1,PROH,DOC,DOCEN
D19-0116,1,OBL,DOC,DOCEN
D19-0119,0,,,
D19-0121,1,OBL,DOC,HERRAM
D19-0124,1,REC,DOC,HERRAM
D19-0125,0,,,
D19-0143,1,REC,DOC,VERIF
D19-0144,0,,,
D19-0149,0,,,
D19-0150,0,,,
D19-0151,0,,,
D19-0152,0,,,
D19-0153,0,,,
D19-0155,0,,,
D19-0156,0,,,
D19-0157,0,,,
D19-0162,0,,,
D19-0164,0,,,
D19-0165,0,,,
D19-0167,0,,,
D19-0168,0,,,
D19-0174,0,,,
D19-0175,0,,,
D19-0177,0,,,
D19-0178,0,,,
D19-0179,0,,,
D19-0185,0,,,
D19-0186,1,REC,DOC,HERRAM
D19-0188,0,,,
D19-0189,0,,,
D19-0190,0,,,
D19-0191,0,,,
D19-0192,0,,,
D19-0193,0,,,
D19-0195,0,,,
D19-0196,0,,,
D19-0197,1,REC,DOC,HERRAM
D19-0204,0,,,
D19-0205,0,,,
D19-0206,0,,,
D19-0207,0,,,
D19-0208,0,,,
D19-0209,0,,,
D19-0210,0,,,
D19-0212,0,,,
D19-0213,0,,,
D19-0214,1,REC,DOC,INTEG
D19-0218,0,,,
D19-0219,0,,,
D19-0220,1,REC,DOC,HERRAM
D19-0221,1,REC,DOC,DATOS
D19-0222,1,REC,DOC,DOCEN
D19-0226,0,,,
D19-0228,0,,,
D19-0229,0,,,
D19-0230,0,,,
D19-0231,0,,,
D19-0235,1,REC,DOC,VERIF
D19-0236,1,OBL,DOC,TRANSP
D19-0237,1,OBL,DOC,ETICA
D19-0238,0,,,
D19-0244,1,REC,EST,APREND
D19-0245,0,,,
D19-0246,0,,,
D19-0247,0,,,
D19-0249,0,,,
D19-0250,0,,,
D19-0251,0,,,
D19-0252,0,,,
D19-0254,0,,,
D19-0255,0,,,
D19-0256,0,,,
D19-0258,0,,,
D19-0259,0,,,
D19-0261,1,OBL,DOC,DOCEN
D19-0262,0,,,
D19-0264,0,,,
D19-0265,1,REC,DOC,APREND
D19-0269,0,,,
D19-0270,0,,,
D19-0271,0,,,
D19-0272,1,OBL,DOC,DOCEN
D19-0277,1,OBL,DOC,DOCEN
D19-0278,0,,,
D19-0279,0,,,
D19-0280,0,,,
D19-0281,0,,,
D19-0282,0,,,
D19-0283,0,,,
D19-0284,1,OBL,DOC,DOCEN
D19-0285,0,,,
D19-0286,1,OBL,DOC,DOCEN
D19-0288,1,OBL,DOC,DOCEN
D19-0289,0,,,
D19-0291,1,OBL,DOC,DOCEN
D19-0293,0,,,
D19-0294,1,REC,DOC,DOCEN
D19-0295,0,,,
D19-0296,0,,,
D19-0297,1,OBL,DOC,DOCEN
D19-0298,1,REC,DOC,DOCEN
D19-0299,1,OBL,DOC,DOCEN
D19-0300,1,OBL,DOC,DOCEN
D19-0301,0,,,
D19-0302,1,REC,DOC,DOCEN
D19-0303,1,OBL,DOC,TRANSP
D19-0304,1,OBL,DOC,TRANSP
D19-0305,1,OBL,DOC,ETICA
D19-0306,1,REC,INST,ETICA
D19-0307,0,,,
D19-0308,1,REC,DOC,HERRAM
D19-0309,1,OBL,DOC,HERRAM
D19-0310,1,REC,DOC,HERRAM
D19-0311,1,OBL,INST,OTRO
D19-0312,1,REC,DOC,DOCEN
D19-0313,1,REC,DOC,DOCEN
D19-0314,1,OBL,DOC,VERIF
D19-0315,1,REC,EST,VERIF
D19-0316,1,OBL,DOC,ETICA
D19-0318,1,OBL,EST,APREND
D19-0319,1,OBL,DOC,APREND
D19-0320,1,REC,EST,INTEG
D19-0321,1,REC,EST,TRANSP
D19-0322,1,OBL,DOC,APREND
D19-0324,1,OBL,DOC,DOCEN
D19-0325,1,REC,DOC,DOCEN
D19-0326,1,REC,DOC,TRANSP
D19-0328,0,,,
D19-0329,0,,,
D19-0331,0,,,
D19-0332,0,,,
D19-0333,0,,,
D19-0336,0,,,
D19-0337,0,,,
D19-0338,0,,,
D19-0340,0,,,
D19-0341,0,,,
D19-0342,0,,,
D19-0344,0,,,
D19-0345,0,,,
D19-0346,0,,,
D19-0348,0,,,
D19-0349,0,,,
D19-0350,0,,,
D19-0352,0,,,
D19-0353,0,,,
D19-0355,1,OBL,DOC,DOCEN
D19-0357,1,REC,DOC,ETICA
D19-0358,0,,,
D19-0361,1,REC,DOC,HERRAM
D19-0362,1,REC,DOC,HERRAM
D19-0363,1,REC,DOC,HERRAM
D19-0364,0,,,
D19-0365,1,REC,DOC,ETICA
D19-0368,1,REC,DOC,HERRAM
D19-0369,0,,,
D19-0370,0,,,
D19-0372,0,,,
D19-0373,1,PROH,DOC,DOCEN
D19-0375,1,OBL,DOC,DOCEN
D19-0376,1,OBL,INST,OTRO
D19-0377,1,OBL,INST,DOCEN
D19-0378,1,OBL,COM,OTRO
D19-0381,1,OBL,INST,ETICA
D19-0383,0,,,
D19-0384,0,,,
D19-0386,0,,,
D19-0387,0,,,
D19-0388,0,,,
D19-0389,0,,,
D19-0391,0,,,
D19-0392,0,,,
D19-0394,1,REC,DOC,DATOS
D19-0396,0,,,
D19-0398,1,OBL,INST,OTRO
D19-0401,0,,,
D19-0404,0,,,
D19-0405,0,,,
D19-0406,0,,,
D19-0407,0,,,
D19-0409,0,,,
D19-0410,0,,,
D19-0411,0,,,
D19-0412,0,,,
D19-0413,0,,,
D19-0414,0,,,
D19-0415,0,,,
D19-0416,0,,,
D19-0417,0,,,
D19-0418,0,,,
D19-0420,1,OBL,INV,ETICA
D19-0421,1,REC,INV,TRANSP
D19-0423,0,,,
D19-0424,0,,,
D19-0427,0,,,
D19-0430,0,,,
D19-0432,0,,,
D19-0434,0,,,
D19-0435,0,,,
D19-0436,0,,,
D19-0437,0,,,
D19-0442,1,OBL,DOC,ETICA
D19-0443,1,OBL,DOC,ETICA
D19-0446,0,,,
D19-0448,0,,,
D19-0449,0,,,
D19-0450,1,REC,COM,ETICA
D19-0451,0,,,
D19-0452,0,,,
D19-0455,0,,,
D19-0456,1,REC,DOC,APREND
D19-0457,0,,,
D19-0458,1,REC,DOC,INTEG
D19-0459,0,,,
D19-0460,1,REC,INST,TRANSP
D19-0461,0,,,
D19-0462,1,REC,INST,ETICA
D19-0463,1,REC,INST,OTRO
D19-0468,0,,,
D19-0469,0,,,
D19-0471,0,,,
D19-0473,1,REC,INST,TRANSP
D19-0474,1,OBL,COM,TRANSP
D19-0475,1,OBL,COM,TRANSP
D19-0476,1,REC,COM,TRANSP
D19-0479,0,,,
D19-0481,1,OBL,INST,ETICA
D19-0482,1,OBL,COM,ETICA
D19-0483,1,OBL,COM,ETICA
D19-0484,0,,,
D19-0485,1,REC,COM,ETICA
D19-0507,0,,,
D19-0509,1,OBL,DOC,OTRO
D19-0510,1,REC,DOC,DOCEN
D19-0511,0,,,
D19-0512,1,REC,DOC,DOCEN
D19-0513,1,OBL,DOC,DOCEN
D19-0514,1,REC,DOC,ETICA
D19-0515,1,OBL,DOC,ETICA
D19-0516,1,REC,DOC,VERIF
D19-0517,0,,,
D19-0518,1,REC,DOC,DATOS
D19-0519,1,OBL,DOC,DATOS
D19-0520,1,OBL,DOC,DATOS
D19-0521,1,REC,DOC,HERRAM
D19-0522,0,,,
D19-0523,1,REC,DOC,VERIF
D19-0524,0,,,
D19-0525,1,REC,DOC,TRANSP
D19-0526,0,,,
D19-0528,0,,,
D19-0530,0,,,
D20-0012,0,,,
D20-0013,0,,,
D20-0020,0,,,
D20-0022,0,,,
D20-0024,0,,,
D20-0026,0,,,
D20-0029,0,,,
D20-0030,0,,,
D20-0032,0,,,
D20-0033,0,,,
D20-0034,0,,,
D20-0035,0,,,
D20-0051,0,,,
D20-0056,1,OBL,COM,HERRAM
D20-0057,1,OBL,COM,OTRO
D20-0058,0,,,
D20-0062,0,,,
D20-0067,0,,,
D20-0068,0,,,
D20-0071,0,,,
D20-0072,0,,,
D20-0073,0,,,
D20-0078,0,,,
D20-0079,0,,,
D20-0080,0,,,
D20-0081,0,,,
D20-0089,1,OBL,EST,VERIF
D20-0090,0,,,
D20-0092,0,,,
D20-0093,0,,,
D20-0094,0,,,
D20-0095,0,,,
D20-0098,0,,,
D20-0099,0,,,
D20-0102,0,,,
D20-0104,0,,,
D20-0105,1,REC,EST,VERIF
D20-0106,1,OBL,EST,VERIF
D20-0107,0,,,
D20-0109,1,OBL,EST,VERIF
D20-0111,1,REC,DOC,DOCEN
D20-0115,0,,,
D20-0117,1,REC,EST,DATOS
D20-0118,0,,,
D20-0119,1,OBL,EST,DATOS
D20-0120,0,,,
D20-0121,0,,,
D20-0122,0,,,
D20-0124,1,REC,EST,VERIF
D20-0126,0,,,
D20-0130,0,,,
D20-0134,0,,,
D20-0137,1,PROH,EST,INTEG
D20-0138,1,PROH,EST,INTEG
D20-0140,1,PERM,EST,HERRAM
D20-0141,1,REC,EST,HERRAM
D20-0142,0,,,
D20-0143,1,OBL,EST,OTRO
D20-0144,1,REC,EST,HERRAM
D20-0145,1,PROH,EST,INTEG
D20-0146,0,,,
D20-0147,1,REC,EST,OTRO
D20-0148,1,PERM,EST,HERRAM
D20-0153,0,,,
D20-0155,1,REC,EST,VERIF
D20-0157,1,OBL,EST,VERIF
D20-0158,1,PERM,EST,HERRAM
D20-0160,0,,,
D20-0162,1,OBL,EST,VERIF
D20-0163,0,,,
D20-0164,1,REC,EST,VERIF
D20-0165,1,REC,EST,VERIF
D20-0167,1,PERM,EST,HERRAM
D20-0170,0,,,
D20-0173,0,,,
D20-0174,0,,,
D20-0175,1,PERM,EST,HERRAM
D20-0176,0,,,
D20-0180,1,REC,EST,VERIF
D20-0181,1,PERM,EST,HERRAM
D20-0182,1,REC,EST,HERRAM
D20-0185,0,,,
D20-0186,1,OBL,EST,DATOS
D20-0187,1,REC,EST,DATOS
D20-0188,1,PERM,EST,HERRAM
D20-0189,1,PERM,EST,HERRAM
D20-0191,1,OBL,EST,DATOS
D20-0192,0,,,
D20-0193,1,REC,EST,DATOS
D20-0194,0,,,
D20-0195,1,PERM,EST,HERRAM
D20-0197,0,,,
D20-0198,1,OBL,EST,TRANSP
D20-0201,1,OBL,EST,TRANSP
D20-0202,1,PERM,EST,TRANSP
D20-0203,1,PERM,EST,TRANSP
D20-0204,0,,,
D20-0206,0,,,
D20-0207,0,,,
D20-0208,1,REC,EST,VERIF
D20-0209,1,REC,EST,INTEG
D20-0210,1,PERM,EST,HERRAM
D20-0213,0,,,
D20-0214,1,OBL,EST,APREND
D20-0215,0,,,
D20-0216,0,,,
D20-0217,1,OBL,EST,APREND
D20-0218,1,PERM,EST,HERRAM
D20-0220,0,,,
D20-0221,0,,,
D20-0222,1,OBL,COM,ETICA
D20-0223,1,OBL,INST,ETICA
D20-0224,1,OBL,INST,ETICA
D20-0225,1,REC,EST,ETICA
D20-0226,1,PERM,EST,HERRAM
D20-0227,0,,,
D20-0229,1,OBL,EST,VERIF
D20-0230,1,REC,EST,VERIF
D20-0231,1,PERM,EST,HERRAM
D20-0232,0,,,
D20-0234,0,,,
D20-0235,0,,,
D20-0236,1,REC,EST,INTEG
D20-0238,1,PERM,EST,HERRAM
D20-0240,0,,,
D20-0241,0,,,
D20-0242,1,REC,EST,HERRAM
D20-0244,0,,,
D20-0245,0,,,
D20-0247,1,REC,EST,HERRAM
D20-0249,0,,,
D20-0252,1,REC,EST,HERRAM
D20-0257,1,REC,EST,HERRAM
D20-0258,0,,,
D20-0260,0,,,
D20-0266,0,,,
D20-0268,0,,,
D20-0269,1,PERM,EST,HERRAM
D20-0270,0,,,
D20-0271,1,PERM,EST,HERRAM
D20-0272,1,REC,EST,HERRAM
D20-0274,0,,,
D20-0275,1,PERM,EST,APREND
D20-0276,1,PERM,EST,APREND
D20-0277,1,PERM,EST,HERRAM
D20-0280,1,PERM,EST,APREND
D20-0281,1,PERM,EST,HERRAM
D20-0284,0,,,
D20-0285,1,REC,EST,HERRAM
D20-0287,1,PERM,EST,HERRAM
D20-0288,0,,,
D20-0289,1,REC,EST,HERRAM
D20-0291,0,,,
D20-0292,1,PERM,EST,HERRAM
D20-0294,1,PERM,EST,APREND
D20-0295,0,,,
D20-0296,0,,,
D20-0297,1,PERM,EST,HERRAM
D20-0299,1,REC,EST,HERRAM
D20-0300,1,PERM,EST,HERRAM
D20-0302,0,,,
D20-0303,0,,,
D20-0304,1,PERM,EST,HERRAM
D20-0305,0,,,
D20-0307,0,,,
D20-0308,1,PERM,EST,HERRAM
D20-0311,0,,,
D20-0313,1,PERM,EST,APREND
D20-0314,1,PERM,EST,APREND
D20-0315,0,,,
D20-0316,1,PERM,EST,APREND
D20-0317,1,PERM,EST,APREND
D20-0318,1,PERM,EST,APREND
D20-0319,1,PERM,EST,APREND
D20-0320,1,PERM,EST,APREND
D20-0321,0,,,
D20-0323,1,PERM,EST,APREND
D20-0324,1,REC,EST,HERRAM
D20-0334,0,,,
D20-0335,0,,,
D20-0336,0,,,
D20-0337,0,,,
D20-0338,0,,,
D20-0339,0,,,
D20-0340,0,,,
D20-0341,0,,,
D20-0342,1,REC,EST,APREND
D20-0344,0,,,
D20-0345,0,,,
D20-0348,1,REC,EST,VERIF
D20-0352,0,,,
D20-0353,0,,,
D20-0354,1,REC,EST,INTEG
D20-0358,1,PROH,EST,OTRO
D20-0359,0,,,
D20-0361,0,,,
D20-0362,0,,,
D20-0363,0,,,
D20-0364,1,REC,EST,OTRO
D20-0367,0,,,
D20-0368,1,OBL,EST,OTRO
D20-0369,1,REC,EST,OTRO
D20-0370,0,,,
D20-0372,0,,,
D20-0373,1,REC,EST,ETICA
D20-0376,1,OBL,EST,INTEG
D20-0379,1,REC,EST,HERRAM
D20-0381,0,,,
D20-0384,0,,,
D20-0385,1,PROH,EST,INTEG
D20-0386,1,PROH,EST,INTEG
D20-0387,1,PROH,EST,INTEG
D20-0388,1,PROH,EST,APREND
D20-0389,1,PROH,EST,VERIF
D20-0390,0,,,
D20-0391,1,PROH,EST,INTEG
D20-0392,1,REC,EST,OTRO
D20-0394,0,,,
D20-0395,0,,,
D20-0398,1,REC,EST,INTEG
D20-0401,1,REC,EST,APREND
D20-0406,1,REC,EST,HERRAM
D20-0409,1,PROH,EST,APREND
D20-0410,1,REC,EST,APREND
D20-0416,1,REC,EST,INTEG
D20-0417,1,PROH,EST,INTEG
D20-0418,1,PROH,EST,APREND
D20-0419,0,,,
D20-0420,1,REC,EST,TRANSP
D20-0427,0,,,
D20-0451,0,,,
D20-0453,1,REC,EST,OTRO
D20-0454,0,,,
D20-0455,1,REC,EST,HERRAM
D20-0456,1,REC,EST,HERRAM
D20-0457,0,,,
D20-0458,1,REC,EST,HERRAM
D20-0459,1,REC,EST,DATOS
D20-0460,1,REC,EST,DATOS
D20-0461,1,REC,EST,APREND
D20-0462,0,,,
D20-0463,1,REC,EST,APREND
D20-0464,0,,,
D20-0465,1,REC,EST,APREND
D20-0466,1,REC,EST,VERIF
D20-0467,0,,,
D20-0468,1,OBL,EST,VERIF
D20-0469,1,REC,EST,VERIF
D20-0470,0,,,
D20-0471,1,REC,EST,INTEG
D20-0472,1,REC,EST,VERIF
D20-0473,1,OBL,EST,VERIF
D20-0474,1,REC,EST,INTEG
D20-0475,1,OBL,EST,INTEG
D20-0476,0,,,
D20-0477,1,REC,EST,TRANSP
D20-0478,0,,,
D20-0479,0,,,
D20-0480,0,,,
D20-0481,1,REC,EST,ETICA
D20-0482,1,OBL,EST,ETICA
D20-0483,1,REC,EST,OTRO
D20-0484,1,REC,EST,OTRO
D20-0485,0,,,
D21-0001,0,,,
D21-0002,0,,,
D21-0003,0,,,
D21-0008,0,,,
D21-0009,1,OBL,EST,ETICA
D21-0010,1,PROH,EST,INTEG
D21-0011,1,PROH,EST,APREND
D21-0012,1,OBL,EST,TRANSP
D21-0013,1,OBL,EST,TRANSP
D21-0014,1,PROH,EST,INTEG
D21-0016,1,OBL,EST,TRANSP
D21-0017,1,OBL,EST,TRANSP
D21-0018,1,OBL,EST,TRANSP
D21-0019,1,PERM,EST,TRANSP
D21-0021,1,OBL,EST,INTEG
D21-0022,1,OBL,EST,INTEG
D21-0025,1,OBL,EST,APREND
D21-0026,1,PROH,EST,APREND
D21-0027,1,OBL,EST,DATOS
D21-0028,1,PROH,EST,DATOS
D21-0029,1,REC,EST,DATOS
D21-0030,0,,,
D21-0031,0,,,
D21-0032,1,PERM,EST,APREND
D21-0033,1,PERM,EST,APREND
D21-0034,1,PERM,EST,APREND
D21-0035,0,,,
D21-0036,1,REC,EST,TRANSP
D21-0037,1,REC,EST,HERRAM
D21-0038,1,PERM,EST,TRANSP
D21-0039,1,PERM,EST,HERRAM
D21-0040,1,PERM,EST,APREND
D21-0041,1,PERM,EST,APREND
D21-0042,0,,,
D21-0043,1,REC,EST,HERRAM
D21-0044,1,OBL,EST,INTEG
D21-0045,0,,,
D21-0046,1,PROH,EST,INTEG
D21-0047,1,PROH,EST,INTEG
D21-0048,1,PROH,EST,INTEG
D21-0049,1,PROH,EST,INTEG
D21-0050,1,OBL,EST,TRANSP
D21-0051,1,OBL,EST,TRANSP
D21-0052,1,OBL,EST,TRANSP
D21-0053,1,PROH,EST,INTEG
D21-0054,1,PROH,EST,INTEG
D21-0055,1,OBL,EST,INTEG
D21-0056,0,,,
D21-0057,0,,,
D22-0009,1,REC,EST,INTEG
D22-0011,1,OBL,INV,INTEG
D22-0015,1,OBL,COM,TRANSP
D22-0020,0,,,
D22-0022,0,,,
D22-0024,1,REC,COM,TRANSP
D22-0026,0,,,
D22-0034,1,OBL,COM,TRANSP
D22-0035,0,,,
D22-0041,1,OBL,INV,TRANSP
D22-0042,1,OBL,INV,TRANSP
D22-0043,1,REC,EST,TRANSP
D22-0044,1,REC,EST,TRANSP
D22-0046,1,REC,EST,TRANSP
D22-0048,0,,,
D22-0049,0,,,
D22-0052,0,,,
D22-0054,0,,,
D22-0062,1,PERM,COM,TRANSP
D22-0067,1,REC,COM,TRANSP
D22-0068,0,,,
D22-0071,1,OBL,COM,TRANSP
D22-0074,1,OBL,COM,TRANSP
D22-0075,1,OBL,COM,TRANSP
D22-0078,0,,,
D22-0082,0,,,
D22-0096,0,,,
D22-0098,0,,,
D22-0116,0,,,
D23-0010,1,OBL,INST,OTRO
D23-0014,0,,,
D23-0027,0,,,
D23-0029,0,,,
D23-0030,0,,,
D23-0031,0,,,
D23-0034,0,,,
D23-0035,0,,,
D23-0036,0,,,
D23-0039,0,,,
D23-0040,0,,,
D23-0042,0,,,
D23-0043,0,,,
D23-0047,1,PERM,DOC,DOCEN
D23-0048,0,,,
D23-0049,1,PERM,DOC,DOCEN
D23-0051,1,PERM,DOC,DOCEN
D23-0060,0,,,
D23-0061,1,PROH,DOC,DATOS
D23-0062,1,PROH,DOC,DOCEN
D23-0063,1,PROH,DOC,DATOS
D23-0064,1,REC,DOC,DATOS
D23-0066,1,PERM,DOC,DOCEN
D23-0071,0,,,
D23-0072,0,,,
D23-0075,1,REC,DOC,DOCEN
D23-0076,1,REC,DOC,DOCEN
D23-0078,1,REC,DOC,DOCEN
D23-0079,0,,,
D23-0080,1,REC,DOC,DOCEN
D23-0082,1,REC,DOC,DOCEN
D23-0083,1,REC,DOC,DOCEN
D23-0084,1,REC,DOC,DOCEN
D23-0087,1,REC,DOC,TRANSP
D23-0088,0,,,
D23-0091,1,REC,DOC,DOCEN
D23-0092,1,REC,DOC,ETICA
D23-0094,0,,,
D23-0095,0,,,
D23-0127,0,,,
D23-0131,0,,,
D23-0133,1,PERM,COM,HERRAM
D23-0142,1,PERM,COM,HERRAM
D23-0144,0,,,
D23-0146,1,PERM,DOC,DOCEN
D23-0148,1,OBL,DOC,DOCEN
D23-0150,1,OBL,DOC,DOCEN
D23-0153,1,PROH,DOC,DOCEN
D23-0154,1,PROH,COM,DATOS
D23-0155,1,PROH,COM,DATOS
D23-0156,1,PROH,COM,DATOS
D23-0159,0,,,
D23-0161,0,,,
D23-0162,1,REC,EST,APREND
D23-0163,1,OBL,EST,VERIF
D23-0164,1,REC,EST,ETICA
D23-0166,1,PERM,EST,APREND
D23-0167,1,REC,EST,APREND
D23-0172,1,PERM,EST,APREND
D23-0174,1,REC,EST,APREND
D23-0175,0,,,
D23-0176,1,PROH,EST,INTEG
D23-0177,1,PROH,EST,INTEG
D23-0178,1,PROH,EST,INTEG
D23-0184,1,PERM,EST,APREND
D23-0186,1,PERM,EST,APREND
D23-0189,1,PERM,EST,APREND
D23-0192,1,OBL,EST,TRANSP
D23-0195,1,OBL,EST,DATOS
D23-0198,1,PROH,EST,INTEG
D23-0200,1,PROH,EST,INTEG
D23-0201,1,PROH,EST,INTEG
D23-0204,1,PROH,EST,DATOS
D23-0208,1,PROH,EST,DATOS
D23-0211,1,PROH,COM,ETICA
D23-0212,1,PROH,COM,ETICA
D23-0213,1,PROH,COM,ETICA
D23-0215,1,PROH,EST,INTEG
D23-0217,1,OBL,COM,VERIF
D23-0218,0,,,
D23-0219,1,OBL,COM,VERIF
D23-0220,0,,,
D23-0221,0,,,
D23-0223,0,,,
D23-0224,1,REC,COM,ETICA
D23-0227,1,OBL,INST,OTRO
D23-0228,1,REC,INST,OTRO
D23-0229,0,,,
D23-0231,0,,,
D23-0232,0,,,
D23-0234,0,,,
D23-0237,0,,,
D23-0238,1,PERM,EST,APREND
D23-0244,0,,,
D23-0245,1,PERM,DOC,DOCEN
D23-0247,1,PROH,DOC,DATOS
D23-0248,0,,,
D23-0249,1,PROH,DOC,DOCEN
D23-0250,0,,,
D23-0252,0,,,
D23-0253,1,REC,DOC,TRANSP
D23-0255,1,REC,DOC,INTEG
D23-0257,1,OBL,DOC,DOCEN
D23-0260,0,,,
D23-0261,1,REC,DOC,DOCEN
D23-0263,0,,,
D23-0264,1,PERM,EST,TRANSP
D23-0265,0,,,
D23-0266,1,OBL,EST,TRANSP
D23-0267,0,,,
D23-0268,1,OBL,EST,TRANSP
D23-0270,1,PROH,EST,DATOS
D23-0271,0,,,
D23-0272,1,PROH,EST,INTEG
D23-0276,0,,,
D23-0277,1,REC,EST,VERIF
D23-0278,0,,,
D23-0279,1,PERM,EST,APREND
D23-0283,0,,,
D23-0284,1,PERM,EST,APREND
D23-0287,1,PROH,COM,DATOS
D23-0288,0,,,
D23-0289,1,PERM,COM,OTRO
D23-0290,0,,,
D23-0292,1,REC,COM,VERIF
D23-0293,0,,,
D23-0294,1,PERM,COM,OTRO
D23-0297,0,,,
D23-0298,1,REC,COM,OTRO
D24-0002,0,,,
D24-0003,0,,,
D24-0006,0,,,
D24-0015,1,OBL,DOC,DOCEN
D24-0016,1,REC,DOC,DOCEN
D24-0017,1,REC,DOC,DOCEN
D24-0019,1,OBL,DOC,ETICA
D24-0020,1,OBL,DOC,VERIF
D24-0021,1,OBL,DOC,APREND
D24-0023,1,REC,COM,OTRO
D24-0024,1,REC,COM,OTRO
D24-0025,1,REC,COM,OTRO
D24-0029,1,REC,COM,DATOS
D24-0030,1,OBL,COM,DATOS
D24-0031,0,,,
D24-0035,1,OBL,COM,INTEG
D24-0036,1,OBL,COM,DATOS
D24-0039,0,,,
D24-0041,1,REC,DOC,DOCEN
D24-0042,1,REC,INST,DOCEN
D24-0043,1,OBL,DOC,APREND
D24-0044,1,OBL,INST,DOCEN
D24-0045,1,OBL,INST,DOCEN
D24-0046,1,OBL,INST,OTRO
D24-0048,1,REC,COM,OTRO
D24-0050,0,,,
D24-0051,0,,,
D24-0052,0,,,
D24-0054,0,,,
D24-0055,0,,,
D24-0057,0,,,
D24-0059,0,,,
D24-0061,0,,,
D25-0015,0,,,
D25-0018,0,,,
D25-0025,1,OBL,COM,VERIF
D25-0027,0,,,
D25-0028,1,OBL,COM,VERIF
D25-0029,0,,,
D25-0030,1,REC,COM,INTEG
D25-0031,0,,,
D25-0032,1,OBL,COM,DATOS
D25-0033,0,,,
D25-0034,1,REC,COM,ETICA
D25-0035,0,,,
D25-0037,1,OBL,INST,DOCEN
D25-0040,0,,,
D25-0042,0,,,
D25-0044,1,REC,DOC,DOCEN
D25-0045,1,REC,DOC,DOCEN
D25-0049,0,,,
D25-0050,1,OBL,DOC,DOCEN
D25-0053,0,,,
D25-0054,0,,,
D25-0056,0,,,
D25-0059,1,PROH,COM,INTEG
D25-0060,1,PROH,EST,INTEG
D25-0064,1,OBL,INST,ETICA
D25-0074,0,,,
D25-0076,0,,,
D25-0077,1,PERM,COM,TRANSP
D25-0079,0,,,
D25-0080,1,OBL,COM,ETICA
D25-0081,1,OBL,COM,ETICA
D25-0082,1,OBL,COM,ETICA
D25-0083,1,OBL,COM,ETICA
D25-0084,1,OBL,COM,ETICA
D25-0085,1,OBL,COM,DATOS
D25-0086,0,,,
D25-0087,1,OBL,COM,TRANSP
D25-0088,0,,,
D25-0089,0,,,
D25-0090,1,OBL,INV,TRANSP
D25-0091,1,OBL,INST,OTRO
D25-0092,0,,,
D25-0093,1,OBL,COM,ETICA
D25-0094,1,OBL,COM,VERIF
D25-0095,1,OBL,COM,ETICA
D25-0097,1,OBL,INV,ETICA
D25-0098,1,PROH,COM,ETICA
D25-0100,0,,,
D25-0101,0,,,
D25-0104,0,,,
D25-0105,1,PERM,DOC,DOCEN
D25-0111,1,PERM,DOC,DOCEN
D25-0114,1,REC,DOC,DOCEN
D25-0115,1,OBL,DOC,DOCEN
D25-0116,0,,,
D25-0117,0,,,
D25-0118,1,PROH,INV,DATOS
D25-0119,1,PROH,DOC,DATOS
D25-0125,1,PROH,EST,INTEG
D25-0144,1,OBL,DOC,TRANSP
D25-0147,0,,,
D25-0148,1,OBL,COM,TRANSP
D25-0154,0,,,
D25-0159,0,,,
D25-0160,0,,,
D25-0162,1,OBL,COM,TRANSP
D25-0163,1,OBL,COM,TRANSP
D25-0164,1,OBL,COM,TRANSP
D25-0165,1,REC,COM,TRANSP
D25-0167,0,,,
D25-0175,1,PERM,COM,HERRAM
D25-0176,1,OBL,COM,TRANSP
D25-0177,1,OBL,COM,TRANSP
D25-0182,0,,,
D25-0184,0,,,
D25-0185,0,,,
D25-0186,1,PERM,COM,TRANSP
D25-0192,1,PROH,EST,INTEG
D25-0193,1,PROH,EST,INTEG
D25-0195,0,,,
D25-0196,1,OBL,COM,TRANSP
D25-0217,0,,,
D25-0221,0,,,
D25-0222,1,PROH,COM,INTEG
D25-0223,0,,,
D26-0003,0,,,
D26-0004,0,,,
D26-0005,0,,,
D26-0010,1,COMP,INST,ETICA
D26-0012,0,,,
D26-0014,0,,,
D26-0015,0,,,
D26-0016,0,,,
D26-0017,1,REC,COM,VERIF
D26-0018,1,REC,DOC,DOCEN
D26-0019,1,REC,DOC,DOCEN
D26-0023,0,,,
D26-0024,0,,,
D26-0026,1,PROH,COM,VERIF
D26-0027,1,REC,COM,OTRO
D26-0031,0,,,
D26-0033,0,,,
D26-0034,1,OBL,COM,VERIF
D26-0037,0,,,
D26-0038,0,,,
D26-0041,0,,,
D26-0042,1,OBL,COM,APREND
D26-0043,1,OBL,COM,ETICA
D26-0044,0,,,
D26-0045,0,,,
D26-0046,1,PROH,COM,APREND
D26-0047,1,REC,EST,APREND
D26-0050,0,,,
D26-0051,0,,,
D26-0054,0,,,
D26-0055,1,REC,COM,INTEG
D26-0056,1,OBL,INV,INTEG
D26-0060,0,,,
D26-0061,1,PERM,DOC,INTEG
D26-0062,1,REC,DOC,DOCEN
D26-0063,1,REC,DOC,DOCEN
D26-0065,1,OBL,DOC,DOCEN
D26-0067,0,,,
D26-0072,0,,,
D26-0074,1,OBL,DOC,DOCEN
D26-0076,0,,,
D26-0077,0,,,
D26-0078,0,,,
D26-0082,1,REC,COM,ETICA
D26-0083,1,OBL,COM,TRANSP
D26-0085,1,OBL,COM,ETICA
D26-0086,1,REC,COM,OTRO
D26-0089,1,OBL,COM,TRANSP
D27-0007,0,,,
D27-0008,0,,,
D27-0009,0,,,
D27-0010,0,,,
D27-0011,0,,,
D27-0012,0,,,
D27-0013,0,,,
D27-0014,0,,,
D27-0015,0,,,
D27-0016,0,,,
D27-0017,0,,,
D27-0018,0,,,
D27-0019,0,,,
D27-0020,0,,,
D27-0021,0,,,
D27-0022,0,,,
D27-0023,0,,,
D27-0024,0,,,
D27-0025,0,,,
D27-0026,0,,,
D27-0027,0,,,
D27-0028,0,,,
D27-0029,0,,,
D27-0030,0,,,
D27-0032,1,OBL,INST,OTRO
D27-0033,1,OBL,COM,HERRAM
D27-0034,1,OBL,COM,OTRO
D27-0035,0,,,
D27-0036,0,,,
D27-0037,0,,,
D27-0039,0,,,
D27-0040,0,,,
D27-0041,0,,,
D27-0042,0,,,
D27-0043,0,,,
D27-0048,0,,,
D27-0053,0,,,
D27-0054,1,OBL,EST,VERIF
D27-0055,0,,,
D27-0057,0,,,
D27-0058,1,OBL,EST,VERIF
D27-0059,0,,,
D27-0060,1,REC,EST,VERIF
D27-0064,0,,,
D27-0065,1,OBL,EST,DATOS
D27-0068,0,,,
D27-0069,0,,,
D27-0071,1,REC,EST,DATOS
D27-0072,1,REC,EST,APREND
D27-0073,1,OBL,EST,APREND
D27-0074,1,REC,EST,HERRAM
D27-0075,1,REC,EST,HERRAM
D27-0076,1,REC,EST,HERRAM
D27-0078,1,REC,EST,HERRAM
D27-0079,0,,,
D27-0080,0,,,
D27-0085,1,REC,EST,HERRAM
D27-0086,0,,,
D27-0090,0,,,
D27-0102,0,,,
D27-0104,0,,,
D27-0105,0,,,
D27-0107,0,,,
D27-0111,1,REC,EST,HERRAM
D27-0113,0,,,
D27-0114,1,REC,EST,HERRAM
D27-0115,1,REC,EST,HERRAM
D27-0117,0,,,
D27-0118,0,,,
D27-0119,1,REC,EST,HERRAM
D27-0121,1,REC,EST,HERRAM
D27-0122,0,,,
D27-0124,0,,,
D27-0129,0,,,
D27-0130,1,REC,EST,HERRAM
D27-0131,1,REC,EST,HERRAM
D27-0132,1,REC,EST,HERRAM
D27-0133,1,REC,EST,HERRAM
D27-0135,0,,,
D27-0136,1,REC,EST,HERRAM
D27-0138,1,REC,EST,HERRAM
D27-0140,1,PERM,EST,APREND
D27-0141,0,,,
D27-0142,0,,,
D27-0143,1,REC,EST,HERRAM
D27-0144,0,,,
D27-0147,0,,,
D27-0148,0,,,
D27-0150,1,REC,EST,HERRAM
D27-0153,0,,,
D27-0154,1,REC,EST,HERRAM
D27-0160,0,,,
D27-0161,1,REC,EST,HERRAM
D27-0166,0,,,
D27-0167,0,,,
D27-0168,0,,,
D27-0170,1,REC,EST,APREND
D27-0173,0,,,
D27-0175,0,,,
D27-0176,0,,,
D27-0178,1,REC,EST,APREND
D27-0179,1,PROH,EST,APREND
D27-0180,1,OBL,EST,VERIF
D27-0181,0,,,
D27-0183,1,PROH,EST,VERIF
D27-0184,1,REC,EST,VERIF
D27-0185,1,REC,EST,APREND
D27-0186,1,REC,EST,APREND
D27-0187,1,REC,EST,APREND
D27-0189,1,PROH,EST,APREND
D27-0191,1,REC,EST,VERIF
D27-0194,1,OBL,INST,OTRO
D27-0196,0,,,
D27-0197,1,REC,EST,INTEG
D27-0198,1,REC,EST,INTEG
D27-0202,1,PROH,EST,APREND
D27-0204,1,OBL,EST,TRANSP
D27-0205,1,REC,EST,VERIF
D27-0206,1,PROH,EST,DATOS
D27-0208,1,OBL,EST,APREND
D27-0210,1,REC,EST,TRANSP
D27-0211,0,,,
D27-0212,1,PROH,EST,INTEG
D27-0213,1,OBL,EST,OTRO
D27-0214,0,,,
D27-0216,0,,,
D27-0217,1,PROH,EST,INTEG
D27-0218,1,REC,EST,OTRO
D27-0219,1,REC,EST,APREND
D27-0220,1,REC,EST,VERIF
D27-0221,1,PROH,EST,APREND
D27-0223,1,REC,EST,INTEG
D27-0226,1,PROH,EST,INTEG
D27-0227,1,REC,EST,VERIF
D27-0228,1,PROH,EST,DATOS
D27-0229,1,REC,EST,APREND
D27-0230,1,PROH,EST,APREND
D27-0231,1,REC,EST,ETICA
D27-0232,1,REC,EST,INTEG
D27-0237,1,OBL,EST,ETICA
D27-0238,0,,,
D28-0008,0,,,
D28-0021,0,,,
D28-0023,0,,,
D28-0025,1,COMP,INST,OTRO
D28-0026,1,COMP,INST,ETICA
D28-0028,0,,,
D28-0029,1,OBL,COM,ETICA
D28-0034,1,PROH,EST,INTEG
D28-0035,1,REC,EST,INTEG
D28-0036,1,PROH,EST,INTEG
D28-0041,1,PROH,EST,INTEG
D28-0046,0,,,
D28-0047,0,,,
D28-0048,1,OBL,DOC,INTEG
D28-0049,0,,,
D28-0050,1,OBL,DOC,INTEG
D28-0051,0,,,
D28-0052,1,OBL,COM,ETICA
D28-0055,1,OBL,EST,INTEG
D28-0056,1,OBL,EST,VERIF
D28-0057,1,OBL,EST,TRANSP
D28-0058,1,OBL,EST,TRANSP
D28-0062,1,PROH,DOC,DOCEN
D28-0066,1,OBL,EST,APREND
D28-0067,0,,,
D28-0074,0,,,
D28-0075,0,,,
D28-0076,1,PERM,EST,APREND
D28-0077,1,PERM,EST,APREND
D28-0078,1,PERM,EST,APREND
D28-0079,1,PERM,EST,APREND
D28-0080,1,PERM,EST,APREND
D28-0081,1,OBL,EST,VERIF
D28-0082,1,PERM,EST,APREND
D28-0083,1,PERM,EST,APREND
D28-0084,1,PERM,EST,APREND
D28-0085,1,PERM,EST,APREND
D28-0086,1,PERM,EST,APREND
D28-0088,1,PROH,EST,INTEG
D28-0089,1,PROH,EST,INTEG
D28-0090,1,PROH,EST,INTEG
D28-0091,1,PROH,EST,INTEG
D28-0092,1,PROH,EST,INTEG
D28-0093,1,PROH,EST,INTEG
D28-0094,1,PROH,EST,INTEG
D28-0095,1,PROH,EST,INTEG
D28-0097,1,OBL,EST,TRANSP
D28-0098,0,,,
D28-0103,0,,,
D28-0104,1,PERM,EST,TRANSP
D28-0109,1,OBL,EST,TRANSP
D28-0111,1,PROH,DOC,INTEG
D28-0112,0,,,
D28-0114,1,OBL,DOC,DOCEN
D28-0116,0,,,
D28-0123,1,REC,DOC,DOCEN
D28-0124,1,REC,DOC,DOCEN
D28-0125,1,REC,DOC,DOCEN
D28-0126,1,OBL,DOC,DOCEN
D28-0127,0,,,
D28-0134,0,,,
D28-0140,0,,,
D28-0141,0,,,
D28-0146,0,,,
D28-0147,0,,,
D28-0148,0,,,
D28-0149,0,,,
D28-0150,0,,,
D28-0152,0,,,
D28-0157,0,,,
D28-0170,0,,,
D28-0171,1,REC,DOC,DOCEN
D28-0172,1,REC,DOC,DOCEN
D28-0179,1,PERM,DOC,DOCEN
D28-0180,1,REC,DOC,DOCEN
D28-0181,1,PERM,DOC,DOCEN
D28-0182,0,,,
D28-0183,1,REC,DOC,DOCEN
D28-0185,0,,,
D28-0190,1,OBL,DOC,INTEG
D28-0193,1,OBL,DOC,INTEG
D28-0194,1,PERM,DOC,INTEG
D28-0196,1,OBL,DOC,INTEG
D28-0197,0,,,
D28-0198,1,PERM,DOC,INTEG
D28-0200,1,OBL,DOC,INTEG
D28-0202,1,PERM,DOC,INTEG
D28-0203,1,PROH,DOC,INTEG
D28-0205,1,OBL,DOC,INTEG
D28-0206,1,OBL,DOC,INTEG
D28-0207,1,OBL,DOC,INTEG
D28-0210,1,PERM,DOC,DOCEN
D28-0211,0,,,
D28-0215,0,,,
D28-0216,0,,,
D28-0219,0,,,
D28-0222,0,,,
D28-0223,0,,,
D28-0224,0,,,
D28-0225,0,,,
D28-0226,0,,,
D28-0227,1,OBL,EST,INTEG
D28-0230,0,,,
D28-0231,0,,,
D28-0232,0,,,
D28-0235,0,,,
D28-0237,0,,,
D28-0238,0,,,
D28-0242,0,,,
D28-0243,0,,,
D28-0245,0,,,
D28-0246,0,,,
D28-0247,0,,,
D28-0248,0,,,
D28-0249,0,,,
D28-0250,1,OBL,EST,INTEG
D28-0251,0,,,
D28-0252,0,,,
D28-0253,0,,,
D28-0254,0,,,
D28-0255,0,,,
D28-0256,0,,,
D28-0257,0,,,
D28-0258,0,,,
D28-0259,0,,,
D28-0260,0,,,
D28-0261,0,,,
D28-0262,0,,,
D28-0263,0,,,
D28-0264,0,,,
D28-0265,1,OBL,EST,INTEG
D29-0004,1,PROH,COM,HERRAM
D29-0009,1,OBL,COM,VERIF
D29-0010,1,OBL,COM,TRANSP
D29-0012,1,COMP,INST,ETICA
D30-0003,1,OBL,COM,ETICA
D30-0005,1,REC,COM,VERIF
D30-0007,1,OBL,COM,TRANSP
D30-0008,1,REC,COM,TRANSP
D30-0010,1,PROH,COM,VERIF
D30-0011,1,REC,COM,VERIF
D30-0012,1,PROH,COM,VERIF
D30-0014,1,REC,COM,DATOS
D30-0016,1,REC,COM,ETICA
D30-0017,1,OBL,COM,ETICA
D30-0018,1,PROH,COM,ETICA
D30-0019,1,REC,COM,TRANSP
D30-0020,0,,,
D30-0022,0,,,
D30-0023,1,OBL,INST,OTRO
D30-0024,1,REC,COM,ETICA
D30-0025,1,REC,COM,ETICA
D30-0026,1,OBL,COM,ETICA
D30-0027,1,OBL,COM,OTRO
D30-0029,1,OBL,INST,OTRO
D31-0005,0,,,
D31-0010,1,PROH,DOC,DATOS
D31-0015,1,PROH,DOC,INTEG
D32-0002,1,REC,EST,INTEG
D32-0003,1,PROH,EST,INTEG
D32-0004,1,PROH,EST,INTEG
D32-0005,1,PERM,EST,APREND
D32-0006,1,OBL,EST,TRANSP
D32-0009,1,PROH,EST,DATOS
