doc,directivas,palabras,densidad,COMP,OBL,PERM,PROH,REC,universidad,titularidad,anio,destinatarios,genero,pct_restrictiva
D01,144,5962,24.152968802415298,1,18,7,5,113,Universidad Carlos III de Madrid,Pública,2023,Comunidad,Recomendaciones,15.972222222222221
D02,42,8162,5.145797598627787,0,8,8,0,26,Universidad Rey Juan Carlos,Pública,2023,PDI,Guía,19.047619047619047
D03,33,2415,13.664596273291925,0,10,2,7,14,Universidad Nacional de Educación a Distancia,Pública,2023,Estudiantes,Guía,51.515151515151516
D04,56,1817,30.820033021463953,6,1,10,2,37,Universidad Autónoma de Madrid,Pública,2023,Comunidad,Guía,5.357142857142857
D05,3,1443,2.079002079002079,2,0,0,0,1,IE Universidad,Privada,2023,Comunidad,Declaración,0.0
D06,18,394,45.68527918781726,0,3,0,3,12,Universitat Ramon Llull,Privada,2023,Comunidad,Recomendaciones,33.333333333333336
D07,31,1535,20.19543973941368,0,12,2,1,16,Universidad de Vic-Universidad Central de Cataluña,Privada,2023,PDI,Decálogo,41.935483870967744
D08,31,3404,9.106933019976498,27,4,0,0,0,Universidad Internacional de La Rioja,Privada,2024,Comunidad,Declaración,12.903225806451612
D09,43,1946,22.09660842754368,19,22,1,1,0,Universidad de Deusto,Privada,2024,Comunidad,Declaración,53.48837209302326
D10,49,2034,24.09046214355949,7,21,2,4,15,Universidad de Las Palmas de Gran Canaria,Pública,2024,Comunidad,Recomendaciones,51.02040816326531
D11,15,616,24.350649350649352,0,7,2,0,6,Universidad de Las Palmas de Gran Canaria,Pública,2024,Comunidad,Declaración,46.666666666666664
D12,54,6332,8.528111181301327,0,11,6,8,29,Universidad Europea (Madrid; Valencia; Canarias),Privada,2024,PDI,Guía,35.18518518518518
D13,64,4386,14.59188326493388,0,4,0,3,57,Universidad Internacional de Andalucía,Pública,2024,Comunidad,Guía,10.9375
D14,35,2474,14.147130153597413,0,8,1,5,21,Universidad Miguel Hernández de Elche,Pública,2024,Comunidad,Guía,37.142857142857146
D15,16,813,19.68019680196802,0,6,3,3,4,Universidad Pontificia Comillas,Privada,2024,Comunidad,Guía,56.25
D16,26,1879,13.837147418839809,0,8,1,2,15,Universidad de Huelva,Pública,2024,Comunidad,Recomendaciones,38.46153846153846
D17,294,21791,13.491808544812079,1,33,2,6,252,Universidad de Granada,Pública,2024,Comunidad,Recomendaciones,13.26530612244898
D18,25,1200,20.833333333333332,0,9,4,4,8,Universidad San Pablo-CEU,Privada,2025,Estudiantes,Directrices normativas,52.0
D19,129,13476,9.572573463935885,0,53,0,2,74,Universidad de Cádiz,Pública,2025,PDI,Guía,42.63565891472868
D20,169,10962,15.416894727239555,0,29,39,14,87,Universidad de Cádiz,Pública,2025,Estudiantes,Guía,25.443786982248522
D21,40,1080,37.03703703703704,0,17,8,11,4,Universidad Internacional Villanueva,Privada,2025,Estudiantes,Guía,70.0
D22,22,2289,9.611183923110529,0,9,1,0,12,Universidad Francisco de Vitoria,Privada,2025,Estudiantes,Guía,40.90909090909091
D23,97,4284,22.642390289449114,0,14,24,25,34,Universidad de Málaga,Pública,2025,Comunidad,Guía,40.20618556701031
D24,21,1382,15.195369030390738,0,11,0,0,10,Universidad de Valladolid,Pública,2025,PDI,Recomendaciones,52.38095238095238
D25,84,4905,17.125382262996943,0,33,5,14,32,Universidad del País Vasco/EHU,Pública,2025,Comunidad,Principios,55.95238095238095
D26,28,1882,14.87778958554729,3,9,1,2,13,Universidad Complutense de Madrid,Pública,2025,Comunidad,Principios,39.285714285714285
D27,86,4992,17.227564102564102,0,14,1,12,59,Universidad de Extremadura,Pública,2025,Estudiantes,Guía,30.232558139534884
D28,85,5097,16.67647635864234,2,30,16,23,14,Universidad Nacional de Educación a Distancia,Pública,2025,Estudiantes,Guía,62.35294117647059
D29,11,286,38.46153846153846,7,2,0,1,1,Universidad Loyola Andalucía,Privada,s. f.,Comunidad,Declaración,27.272727272727273
D30,24,656,36.58536585365854,0,7,0,4,13,Universidad Loyola Andalucía,Privada,s. f.,Comunidad,Decálogo,45.833333333333336
D31,11,201,54.72636815920398,0,1,0,3,7,Universidad Loyola Andalucía,Privada,s. f.,PDI,Guía,36.36363636363637
D32,7,130,53.84615384615385,0,2,1,3,1,Universidad Loyola Andalucía,Privada,s. f.,Estudiantes,Guía,71.42857142857143
