excluido,V,p
D01,0.2685082539797936,1.1419439069222279e-15
D02,0.27501501316819904,8.532056419811438e-18
D03,0.2776290180241405,3.490466748421164e-18
D04,0.264634537079732,2.74307430987573e-16
D07,0.27194858655621745,1.6936198653621065e-17
D09,0.27653689616763505,1.6184342248658406e-18
D10,0.2869568385848086,1.2886584963787294e-19
D11,0.2747344656520669,3.143698009571216e-18
D12,0.2619861445120281,5.764506747976668e-16
D13,0.28471840370501894,1.3422611473692454e-18
D14,0.2755434701769891,3.711797901840943e-18
D15,0.27585944465129725,2.4969102148196588e-18
D16,0.27118861100190245,1.2739589151039482e-17
D17,0.264661774071435,1.6205836932060468e-16
D18,0.2752377325147436,5.096277943006748e-18
D19,0.2638006186409532,1.865456897524741e-15
D20,0.29445374907159466,4.599840125553134e-18
D21,0.26198025146999704,4.256971039695076e-16
D22,0.2809344277515076,5.037248391555051e-19
D23,0.2728355376604013,5.671467166566026e-17
D24,0.2726304287015226,6.4035875397614796e-18
D25,0.274682013987859,9.073096514901314e-18
D26,0.274760492461121,3.3605250060057865e-18
D27,0.3109199235007653,8.934631344558458e-22
D28,0.2586995382193873,4.25988072506469e-15
D31,0.27878716698889194,1.0576660395716329e-18
D32,0.2713468561571009,8.759634518479119e-18
