D02-0050;0;;;
D19-0233;0;;;
D28-0130;0;;;
D01-0013;0;;;
D17-0581;1;REC;INST;HERRAM
D23-0016;0;;;
D25-0002;0;;;
D25-0190;0;;;
D17-0588;1;REC;INST;HERRAM
D24-0007;0;;;
D13-0086;0;;;
D20-0273;0;;;
D26-0028;0;;;
D19-0268;0;;;
D25-0174;0;;;
D20-0411;1;REC;EST;HERRAM
D17-0434;0;;;
D17-0016;0;;;
D22-0107;0;;;
D28-0020;0;;;
D27-0089;1;REC;EST;HERRAM
D02-0245;0;;;
D02-0356;0;;;
D17-0858;1;REC;INST;APREND
D01-0357;0;;;
D02-0170;0;;;
D13-0042;0;;;
D20-0049;0;;;
D17-0348;1;REC;COM;VERIF
D16-0035;0;;;
D17-0207;0;;;
D16-0057;1;OBL;COM;VERIF
D08-0073;1;COMP;INST;TRANSP
D05-0030;0;;;
D23-0108;0;;;
D02-0016;0;;;
D14-0024;0;;;
D10-0085;1;COMP;INST;OTRO
D12-0397;1;PROH;DOC;DATOS
D17-0316;1;REC;DOC;DOCEN
D17-0665;0;;;
D01-0068;0;;;
D05-0021;0;;;
D05-0004;0;;;
D17-0023;0;;;
D20-0444;0;;;
D22-0061;0;;;
D13-0019;0;;;
D19-0111;0;;;
D20-0060;0;;;
D08-0057;1;COMP;INST;ETICA
D28-0014;0;;;
D08-0132;0;;;
D02-0047;0;;;
D03-0155;0;;;
D17-0900;1;REC;INST;HERRAM
D01-0143;0;;;
D15-0001;0;;;
D19-0145;0;;;
D19-0215;0;;;
D03-0084;0;;;
D21-0020;1;OBL;EST;VERIF
D12-0211;0;;;
D19-0023;0;;;
D25-0207;0;;;
D13-0015;0;;;
D25-0057;0;;;
D13-0201;0;;;
D05-0059;0;;;
D19-0429;0;;;
D20-0054;0;;;
D19-0183;0;;;
D07-0070;0;;;
D27-0120;0;;;
D27-0239;0;;;
D01-0011;0;;;
D28-0100;0;;;
D19-0055;0;;;
D02-0341;0;;;
D17-0856;1;REC;INST;APREND
D24-0033;0;;;
D25-0200;0;;;
D17-0094;0;;;
D13-0080;1;REC;DOC;DOCEN
D17-0105;0;;;
D12-0021;0;;;
D12-0058;0;;;
D17-0325;1;REC;COM;DATOS
D04-0003;0;;;
D19-0440;0;;;
D17-0822;0;;;
D19-0062;0;;;
D01-0348;0;;;
D27-0094;0;;;
D17-0576;1;REC;INST;APREND
D19-0049;0;;;
D22-0066;0;;;
D17-0378;1;REC;DOC;DOCEN
D08-0088;0;;;
D17-0246;0;;;
