D17-0198;0;;;
D17-0201;0;;;
D17-0202;1;REC;DOC;DOCEN
D17-0204;0;;;
D17-0210;0;;;
D17-0219;0;;;
D17-0226;0;;;
D17-0227;0;;;
D17-0228;0;;;
D17-0229;0;;;
D17-0230;0;;;
D17-0232;1;OBL;INST;ETICA
D17-0233;0;;;
D17-0234;0;;;
D17-0235;0;;;
D17-0237;1;REC;COM;INTEG
D17-0239;0;;;
D17-0240;0;;;
D17-0241;0;;;
D17-0244;0;;;
D17-0245;0;;;
D17-0247;1;OBL;INST;DOCEN
D17-0248;0;;;
D17-0249;0;;;
D17-0250;0;;;
D17-0251;0;;;
D17-0252;1;OBL;COM;DATOS
D17-0253;0;;;
D17-0254;0;;;
D17-0256;1;PROH;COM;DATOS
D17-0257;0;;;
D17-0258;0;;;
D17-0261;0;;;
D17-0262;0;;;
D17-0263;0;;;
D17-0265;0;;;
D17-0267;0;;;
D17-0268;0;;;
D17-0269;0;;;
D17-0270;0;;;
D17-0274;0;;;
D17-0275;0;;;
D17-0276;0;;;
D17-0277;0;;;
D17-0278;0;;;
D17-0280;0;;;
D17-0281;1;REC;INST;DOCEN
D17-0282;0;;;
D17-0283;0;;;
D17-0285;1;OBL;INST;DOCEN
D17-0286;1;OBL;DOC;DOCEN
D17-0287;0;;;
D17-0288;0;;;
D17-0289;0;;;
D17-0290;1;OBL;DOC;DOCEN
D17-0291;1;OBL;COM;APREND
D17-0292;0;;;
D17-0294;0;;;
D17-0295;0;;;
D17-0296;0;;;
D17-0297;0;;;
D17-0298;0;;;
D17-0299;0;;;
D17-0301;0;;;
D17-0304;1;REC;DOC;DOCEN
D17-0306;1;REC;DOC;DOCEN
D17-0307;0;;;
D17-0310;1;REC;EST;TRANSP
D17-0315;1;REC;DOC;DOCEN
D17-0329;1;PROH;DOC;DATOS
D17-0334;1;REC;DOC;DATOS
D17-0336;1;REC;DOC;DATOS
D17-0343;1;REC;DOC;HERRAM
D17-0345;1;OBL;COM;TRANSP
D17-0351;1;REC;COM;VERIF
D17-0353;1;REC;DOC;OTRO
D17-0357;1;REC;COM;HERRAM
D17-0359;1;OBL;INST;OTRO
D17-0360;1;OBL;INST;OTRO
D17-0365;1;REC;INST;DOCEN
D17-0375;1;REC;DOC;APREND
D17-0376;1;REC;DOC;VERIF
D17-0377;1;REC;COM;APREND
D17-0381;0;;;
D17-0385;1;OBL;COM;ETICA
D17-0397;0;;;
D17-0399;1;OBL;INV;VERIF
D17-0400;1;OBL;INV;VERIF
D17-0403;0;;;
D17-0404;0;;;
D17-0409;0;;;
D17-0412;0;;;
D17-0413;0;;;
D17-0415;0;;;
D17-0416;0;;;
D17-0419;0;;;
D17-0421;0;;;
D17-0423;0;;;
D17-0424;0;;;
D17-0427;0;;;
D17-0429;0;;;
D17-0431;0;;;
D17-0433;0;;;
D17-0436;0;;;
D17-0438;0;;;
D17-0439;0;;;
D17-0440;0;;;
D17-0442;0;;;
D17-0444;0;;;
D17-0446;0;;;
